colony;indiv;type;oocyte_length;thorax;treatment;n_start;n_end;eggs
10T;1;0;0;5.38;C20;13;96;88
10T;2;0;0;4.46;C20;13;96;88
10T;3;0;0;4;C20;13;96;88
10T;4;3;2.14;4.92;C20;13;96;88
10T;5;0;0;5.54;C20;13;96;88
10T;6;5;2.79;4.77;C20;13;96;88
10T;7;5;2.32;4.77;C20;13;96;88
10T;8;0;0;4;C20;13;96;88
10T;9;0;0;4.92;C20;13;96;88
10T;10;0;0;5.23;C20;13;96;88
10T;11;0;0;4.61;C20;13;96;88
10T;12;0;0;4.77;C20;13;96;88
10T;13;0;0;5.38;C20;13;96;88
10T;14;0;0;4;C20;13;96;88
10T;15;0;0;4.92;C20;13;96;88
10T;16;0;0;5.54;C20;13;96;88
10T;17;0;0;3.84;C20;13;96;88
10T;18;0;0;4.77;C20;13;96;88
10T;19;0;0;5.84;C20;13;96;88
10T;20;0;0;4.77;C20;13;96;88
10T;21;4;3.18;5.23;C20;13;96;88
10T;22;4;2.91;5.07;C20;13;96;88
10T;23;2;0.69;5.38;C20;13;96;88
10T;24;0;0;4.92;C20;13;96;88
10T;25;0;0;4.77;C20;13;96;88
10T;26;0;0;5.07;C20;13;96;88
10T;27;0;0;4.15;C20;13;96;88
10T;28;0;0;4.46;C20;13;96;88
10T;29;0;0;4.15;C20;13;96;88
10T;30;3;1.89;5.07;C20;13;96;88
10T;31;0;0;3.84;C20;13;96;88
10T;32;0;0;4.15;C20;13;96;88
10T;33;3;1.04;5.07;C20;13;96;88
10T;34;1;0.25;5.23;C20;13;96;88
10T;35;0;0;5.07;C20;13;96;88
10T;36;0;0;4.92;C20;13;96;88
10T;37;0;0;4.46;C20;13;96;88
10T;38;0;0;5.54;C20;13;96;88
10T;39;4;2.5;4.92;C20;13;96;88
10T;40;0;0;4;C20;13;96;88
10T;41;0;0;4.77;C20;13;96;88
10T;42;5;2.73;4.92;C20;13;96;88
10T;43;0;0;5.38;C20;13;96;88
10T;44;5;2.38;4.46;C20;13;96;88
10T;45;0;0;4.61;C20;13;96;88
10T;46;0;0;5.07;C20;13;96;88
10T;47;5;2.79;4.77;C20;13;96;88
10T;48;0;0;3.84;C20;13;96;88
10T;49;5;2.11;5.38;C20;13;96;88
10T;50;0;0;4.77;C20;13;96;88
10T;51;0;0;5.07;C20;13;96;88
10T;52;0;0;5.54;C20;13;96;88
10T;53;0;0;4.61;C20;13;96;88
10T;54;4;2.61;4.61;C20;13;96;88
10T;55;0;0;5.23;C20;13;96;88
10T;56;5;3;4.46;C20;13;96;88
10T;57;0;0;4.77;C20;13;96;88
10T;58;0;0;4.61;C20;13;96;88
10T;59;5;1.47;5.23;C20;13;96;88
10T;60;5;2.07;4.46;C20;13;96;88
10T;61;0;0;4.92;C20;13;96;88
10T;62;4;2.77;5.07;C20;13;96;88
10T;63;0;0;4.46;C20;13;96;88
10T;64;0;0;4.77;C20;13;96;88
10T;65;5;2.77;5.07;C20;13;96;88
10T;66;0;0;4.61;C20;13;96;88
10T;67;0;0;4.92;C20;13;96;88
10T;68;5;2.55;4;C20;13;96;88
10T;69;0;0;4.77;C20;13;96;88
10T;70;5;1.97;5.23;C20;13;96;88
10T;71;0;0;4.77;C20;13;96;88
10T;72;0;0;4.46;C20;13;96;88
10T;73;0;0;4.61;C20;13;96;88
10T;74;0;0;3.84;C20;13;96;88
10T;75;0;0;4.46;C20;13;96;88
10T;76;4;2.9;4.92;C20;13;96;88
10T;77;0;0;4.15;C20;13;96;88
10T;78;0;0;4.61;C20;13;96;88
10T;79;0;0;5.38;C20;13;96;88
10T;80;0;0;4.31;C20;13;96;88
10T;81;0;0;5.38;C20;13;96;88
10T;82;0;0;4.92;C20;13;96;88
10T;83;0;0;5.38;C20;13;96;88
10T;84;0;0;5.23;C20;13;96;88
10T;85;0;0;4.46;C20;13;96;88
10T;86;0;0;4.61;C20;13;96;88
10T;87;3;0.82;4.46;C20;13;96;88
10T;88;0;0;4.61;C20;13;96;88
10T;89;0;0;4.77;C20;13;96;88
10T;90;0;0;3.69;C20;13;96;88
10T;91;0;0;4.61;C20;13;96;88
10T;92;2;0.5;5.07;C20;13;96;88
11T;1;0;0;5.38;C20;13;43;35
11T;2;5;2.82;5.23;C20;13;43;35
11T;3;0;0;5.23;C20;13;43;35
11T;4;5;2.67;4.61;C20;13;43;35
11T;5;5;2.59;4.77;C20;13;43;35
11T;6;0;0;4.15;C20;13;43;35
11T;7;5;2.98;4.92;C20;13;43;35
11T;8;0;0;4.92;C20;13;43;35
11T;9;0;0;4.61;C20;13;43;35
11T;10;0;0;4.46;C20;13;43;35
11T;11;0;0;5.23;C20;13;43;35
11T;12;0;0;5.84;C20;13;43;35
11T;13;0;0;5.07;C20;13;43;35
11T;14;0;0;4.31;C20;13;43;35
11T;15;0;0;3.23;C20;13;43;35
11T;16;5;2.41;4.77;C20;13;43;35
11T;17;5;2.66;5.23;C20;13;43;35
11T;18;0;0;4.46;C20;13;43;35
11T;19;0;0;5.38;C20;13;43;35
11T;20;4;2.87;5.23;C20;13;43;35
11T;21;0;0;3.84;C20;13;43;35
11T;22;0;0;4.61;C20;13;43;35
11T;23;0;0;5.23;C20;13;43;35
11T;24;0;0;5.38;C20;13;43;35
11T;25;5;2.08;4.46;C20;13;43;35
11T;26;0;0;4.77;C20;13;43;35
11T;27;4;2.82;5.54;C20;13;43;35
11T;28;0;0;4.92;C20;13;43;35
11T;29;0;0;4.15;C20;13;43;35
11T;30;0;0;4.77;C20;13;43;35
11T;31;0;0;4.31;C20;13;43;35
11T;32;0;0;4.77;C20;13;43;35
11T;33;5;2.91;6.15;C20;13;43;35
11T;34;0;0;4.77;C20;13;43;35
11T;35;3;2.17;4.15;C20;13;43;35
11T;36;0;0;5.84;C20;13;43;35
11T;37;0;0;4.31;C20;13;43;35
11T;38;0;0;4.77;C20;13;43;35
11T;39;5;2.45;4.77;C20;13;43;35
12T;1;4;2.21;5.54;C20;17;85;75
12T;2;0;0;3.84;C20;17;85;75
12T;3;4;2.98;5.23;C20;17;85;75
12T;4;4;2.61;5.69;C20;17;85;75
12T;5;4;3.26;6;C20;17;85;75
12T;6;3;2.01;4.92;C20;17;85;75
12T;7;0;0;4.92;C20;17;85;75
12T;8;5;2.68;5.23;C20;17;85;75
12T;9;4;3.47;6.15;C20;17;85;75
12T;10;0;0;4.77;C20;17;85;75
12T;11;0;0;4.92;C20;17;85;75
12T;12;0;0;5.23;C20;17;85;75
12T;13;3;2.85;6;C20;17;85;75
12T;14;0;0;4.46;C20;17;85;75
12T;15;0;0;5.38;C20;17;85;75
12T;16;0;0;4.15;C20;17;85;75
12T;17;0;0;5.07;C20;17;85;75
12T;18;0;0;4.92;C20;17;85;75
12T;19;0;0;5.23;C20;17;85;75
12T;20;1;0.31;4.46;C20;17;85;75
12T;21;5;2.79;4.92;C20;17;85;75
12T;22;4;3.68;6.15;C20;17;85;75
12T;23;0;0;4.77;C20;17;85;75
12T;24;0;0;5.38;C20;17;85;75
12T;25;3;2.85;5.23;C20;17;85;75
12T;26;0;0;5.23;C20;17;85;75
12T;27;4;2.69;5.84;C20;17;85;75
12T;28;0;0;4.46;C20;17;85;75
12T;29;0;0;5.54;C20;17;85;75
12T;30;0;0;5.23;C20;17;85;75
12T;31;0;0;4.46;C20;17;85;75
12T;32;5;2.77;5.23;C20;17;85;75
12T;33;5;2.86;5.23;C20;17;85;75
12T;34;0;0;4.31;C20;17;85;75
12T;35;0;0;4.77;C20;17;85;75
12T;36;0;0;4.92;C20;17;85;75
12T;37;0;0;5.38;C20;17;85;75
12T;38;0;0;4.46;C20;17;85;75
12T;39;5;2.66;3.23;C20;17;85;75
12T;40;0;0;4.92;C20;17;85;75
12T;41;0;0;6.15;C20;17;85;75
12T;42;3;0.75;5.38;C20;17;85;75
12T;43;0;0;4.46;C20;17;85;75
12T;44;0;0;4.77;C20;17;85;75
12T;45;4;3;4.61;C20;17;85;75
12T;46;5;3.18;4.92;C20;17;85;75
12T;47;4;3.14;6;C20;17;85;75
12T;48;0;0;4.92;C20;17;85;75
12T;49;3;0.96;5.07;C20;17;85;75
12T;50;0;0;4.92;C20;17;85;75
12T;51;1;0.53;6.46;C20;17;85;75
12T;52;0;0;5.38;C20;17;85;75
12T;53;4;3.12;6;C20;17;85;75
12T;54;3;1.97;6.15;C20;17;85;75
12T;55;1;0.49;5.69;C20;17;85;75
12T;56;0;0;4.61;C20;17;85;75
12T;57;0;0;6.15;C20;17;85;75
12T;58;0;0;4.46;C20;17;85;75
12T;59;0;0;4.46;C20;17;85;75
12T;60;4;3.3;5.69;C20;17;85;75
12T;61;5;2.66;5.38;C20;17;85;75
12T;62;0;0;6;C20;17;85;75
12T;63;0;0;5.38;C20;17;85;75
12T;64;0;0;5.23;C20;17;85;75
12T;65;0;0;5.54;C20;17;85;75
12T;66;0;0;5.84;C20;17;85;75
12T;67;0;0;4.61;C20;17;85;75
12T;68;0;0;6.3;C20;17;85;75
12T;69;0;0;4.77;C20;17;85;75
12T;70;4;2.57;5.84;C20;17;85;75
12T;71;0;0;5.84;C20;17;85;75
12T;72;4;2.83;5.54;C20;17;85;75
12T;73;0;0;5.23;C20;17;85;75
12T;74;4;2.79;5.84;C20;17;85;75
12T;75;5;2.99;5.54;C20;17;85;75
12T;76;5;2.65;6;C20;17;85;75
12T;77;5;2.97;5.69;C20;17;85;75
12T;78;0;0;5.38;C20;17;85;75
12T;79;5;2.35;4.92;C20;17;85;75
12T;80;3;2.03;4.61;C20;17;85;75
12T;81;0;0;5.54;C20;17;85;75
13T;1;3;0.7;3.38;C22;15;54;23
13T;2;0;0;5.38;C22;15;54;23
13T;3;0;0;4.31;C22;15;54;23
13T;4;0;0;3.84;C22;15;54;23
13T;5;0;0;5.38;C22;15;54;23
13T;6;0;0;4.92;C22;15;54;23
13T;7;3;1.96;4.31;C22;15;54;23
13T;8;3;1.5;4.61;C22;15;54;23
13T;9;3;1.38;4.77;C22;15;54;23
13T;10;0;0;6;C22;15;54;23
13T;11;0;0;5.38;C22;15;54;23
13T;12;0;0;5.07;C22;15;54;23
13T;13;0;0;3.38;C22;15;54;23
13T;14;0;0;6;C22;15;54;23
13T;15;0;0;4.46;C22;15;54;23
13T;16;5;3;5.23;C22;15;54;23
13T;17;0;0;5.38;C22;15;54;23
13T;18;4;2.83;4.92;C22;15;54;23
13T;19;0;0;3.54;C22;15;54;23
13T;20;1;0.34;4.92;C22;15;54;23
13T;21;5;1.52;4.92;C22;15;54;23
13T;22;3;0.86;4.77;C22;15;54;23
13T;23;0;0;5.38;C22;15;54;23
13T;24;0;0;5.84;C22;15;54;23
13T;25;4;2.61;5.38;C22;15;54;23
13T;26;0;0;5.69;C22;15;54;23
13T;27;5;2.64;5.38;C22;15;54;23
13T;28;0;0;5.38;C22;15;54;23
13T;29;0;0;5.23;C22;15;54;23
13T;30;0;0;4.92;C22;15;54;23
13T;31;0;0;4.92;C22;15;54;23
13T;32;0;0;2.92;C22;15;54;23
13T;33;3;1.67;4.77;C22;15;54;23
13T;34;0;0;5.07;C22;15;54;23
13T;35;5;1.79;4.77;C22;15;54;23
13T;36;0;0;4.92;C22;15;54;23
13T;37;0;0;5.54;C22;15;54;23
13T;38;0;0;4.92;C22;15;54;23
13T;39;0;0;4.92;C22;15;54;23
13T;40;0;0;3.08;C22;15;54;23
13T;41;0;0;5.38;C22;15;54;23
13T;42;0;0;5.07;C22;15;54;23
13T;43;4;2.9;4.61;C22;15;54;23
13T;44;0;0;5.54;C22;15;54;23
13T;45;5;1.49;4.31;C22;15;54;23
13T;46;0;0;3.69;C22;15;54;23
13T;47;0;0;3.23;C22;15;54;23
13T;48;0;0;3.69;C22;15;54;23
13T;49;0;0;5.54;C22;15;54;23
13T;50;0;0;5.38;C22;15;54;23
14T;1;0;0;5.07;C22;13;66;53
14T;2;0;0;5.69;C22;13;66;53
14T;3;0;0;5.54;C22;13;66;53
14T;4;0;0;6.61;C22;13;66;53
14T;5;5;2.7;4.92;C22;13;66;53
14T;6;0;0;4.31;C22;13;66;53
14T;7;0;0;6.3;C22;13;66;53
14T;8;0;0;4.92;C22;13;66;53
14T;9;0;0;4.15;C22;13;66;53
14T;10;3;2.87;5.38;C22;13;66;53
14T;11;0;0;6;C22;13;66;53
14T;12;0;0;6.15;C22;13;66;53
14T;13;0;0;5.84;C22;13;66;53
14T;14;0;0;6.3;C22;13;66;53
14T;15;0;0;6;C22;13;66;53
14T;16;0;0;5.54;C22;13;66;53
14T;17;0;0;5.69;C22;13;66;53
14T;18;4;2.47;4.77;C22;13;66;53
14T;19;0;0;6.61;C22;13;66;53
14T;20;0;0;5.23;C22;13;66;53
14T;21;4;2.94;4.77;C22;13;66;53
14T;22;5;2.52;5.38;C22;13;66;53
14T;23;0;0;4.61;C22;13;66;53
14T;24;5;1.61;4.92;C22;13;66;53
14T;25;5;2.64;4.77;C22;13;66;53
14T;26;0;0;5.54;C22;13;66;53
14T;27;0;0;5.23;C22;13;66;53
14T;28;0;0;5.54;C22;13;66;53
14T;29;5;2.76;4;C22;13;66;53
14T;30;0;0;5.69;C22;13;66;53
14T;31;4;3.15;4.77;C22;13;66;53
14T;32;0;0;5.54;C22;13;66;53
14T;33;5;1.99;4.31;C22;13;66;53
14T;34;3;2.91;4.15;C22;13;66;53
14T;35;0;0;5.38;C22;13;66;53
14T;36;0;0;5.38;C22;13;66;53
14T;37;0;0;5.23;C22;13;66;53
14T;38;0;0;5.54;C22;13;66;53
14T;39;0;0;4.61;C22;13;66;53
14T;40;5;1.82;4.92;C22;13;66;53
14T;41;0;0;5.23;C22;13;66;53
14T;42;0;0;5.07;C22;13;66;53
14T;43;4;3.11;5.69;C22;13;66;53
14T;44;0;0;5.38;C22;13;66;53
14T;45;0;0;5.23;C22;13;66;53
14T;46;0;0;6;C22;13;66;53
14T;47;0;0;6.15;C22;13;66;53
14T;48;0;0;4.46;C22;13;66;53
14T;49;0;0;6;C22;13;66;53
14T;50;0;0;5.38;C22;13;66;53
14T;51;0;0;5.54;C22;13;66;53
14T;52;0;0;4.92;C22;13;66;53
14T;53;5;2.29;4.31;C22;13;66;53
14T;54;0;0;5.23;C22;13;66;53
14T;55;0;0;5.54;C22;13;66;53
14T;56;0;0;6;C22;13;66;53
14T;57;5;2.4;5.38;C22;13;66;53
14T;58;4;2.95;5.69;C22;13;66;53
14T;59;0;0;6;C22;13;66;53
14T;60;4;2.57;4.77;C22;13;66;53
14T;61;0;0;6.15;C22;13;66;53
14T;62;0;0;5.38;C22;13;66;53
15T;1;4;3;4.92;C22;17;74;92
15T;2;0;0;5.07;C22;17;74;92
15T;3;0;0;3.84;C22;17;74;92
15T;4;3;1.36;6.15;C22;17;74;92
15T;5;0;0;2.46;C22;17;74;92
15T;6;0;0;4;C22;17;74;92
15T;7;0;0;6.15;C22;17;74;92
15T;8;2;0.39;5.07;C22;17;74;92
15T;9;3;1.1;4.46;C22;17;74;92
15T;10;5;3.24;5.38;C22;17;74;92
15T;11;4;3.64;5.07;C22;17;74;92
15T;12;4;3.06;4.31;C22;17;74;92
15T;13;0;0;5.84;C22;17;74;92
15T;14;0;0;5.54;C22;17;74;92
15T;15;0;0;3.69;C22;17;74;92
15T;16;5;2.74;5.23;C22;17;74;92
15T;17;5;2.12;5.23;C22;17;74;92
15T;18;5;2.15;5.07;C22;17;74;92
15T;19;4;2.73;4.61;C22;17;74;92
15T;20;0;0;4.46;C22;17;74;92
15T;21;0;0;4.77;C22;17;74;92
15T;22;1;0.4;4.46;C22;17;74;92
15T;23;0;0;4.46;C22;17;74;92
15T;24;4;3.02;4.92;C22;17;74;92
15T;25;0;0;4.61;C22;17;74;92
15T;26;0;0;5.23;C22;17;74;92
15T;27;4;3.27;4.46;C22;17;74;92
15T;28;0;0;3.69;C22;17;74;92
15T;29;0;0;4.92;C22;17;74;92
15T;30;0;0;4.46;C22;17;74;92
15T;31;0;0;4.92;C22;17;74;92
15T;32;0;0;5.07;C22;17;74;92
15T;33;2;0.37;4.61;C22;17;74;92
15T;34;2;0.43;2.92;C22;17;74;92
15T;35;0;0;5.07;C22;17;74;92
15T;36;0;0;4.77;C22;17;74;92
15T;37;0;0;3.84;C22;17;74;92
15T;38;3;0.95;4.46;C22;17;74;92
15T;39;5;1.98;4.61;C22;17;74;92
15T;40;0;0;5.23;C22;17;74;92
15T;41;0;0;4.31;C22;17;74;92
15T;42;0;0;5.38;C22;17;74;92
15T;43;0;0;4.92;C22;17;74;92
15T;44;0;0;4.92;C22;17;74;92
15T;45;0;0;5.84;C22;17;74;92
15T;46;5;2.24;5.23;C22;17;74;92
15T;47;5;2.51;4.46;C22;17;74;92
15T;48;3;1.23;5.07;C22;17;74;92
15T;49;0;0;5.54;C22;17;74;92
15T;50;0;0;5.84;C22;17;74;92
15T;51;0;0;5.23;C22;17;74;92
15T;52;0;0;4.92;C22;17;74;92
15T;53;0;0;4.15;C22;17;74;92
15T;54;0;0;4.92;C22;17;74;92
15T;55;0;0;4.61;C22;17;74;92
15T;56;0;0;4.77;C22;17;74;92
15T;57;0;0;4.77;C22;17;74;92
15T;58;0;0;5.07;C22;17;74;92
15T;59;0;0;4.92;C22;17;74;92
15T;60;0;0;4.31;C22;17;74;92
15T;61;0;0;5.54;C22;17;74;92
15T;62;3;2.57;5.23;C22;17;74;92
15T;63;0;0;5.54;C22;17;74;92
15T;64;0;0;4.31;C22;17;74;92
15T;65;0;0;4.61;C22;17;74;92
15T;66;0;0;4.92;C22;17;74;92
15T;67;0;0;4.77;C22;17;74;92
15T;68;3;3.19;5.38;C22;17;74;92
15T;69;0;0;4.92;C22;17;74;92
15T;70;0;0;4.77;C22;17;74;92
16T;1;0;0;5.54;C22;14;63;67
16T;2;5;2.5;4.46;C22;14;63;67
16T;3;0;0;5.54;C22;14;63;67
16T;4;0;0;5.69;C22;14;63;67
16T;5;0;0;5.84;C22;14;63;67
16T;6;5;2.83;4.92;C22;14;63;67
16T;7;3;2.37;5.54;C22;14;63;67
16T;8;0;0;6.15;C22;14;63;67
16T;9;5;1.4;4.46;C22;14;63;67
16T;10;5;2.98;4.92;C22;14;63;67
16T;11;0;0;5.54;C22;14;63;67
16T;12;0;0;5.84;C22;14;63;67
16T;13;5;2.92;4.77;C22;14;63;67
16T;14;0;0;5.23;C22;14;63;67
16T;15;0;0;6;C22;14;63;67
16T;16;0;0;5.54;C22;14;63;67
16T;17;4;2.97;4.92;C22;14;63;67
16T;18;0;0;5.54;C22;14;63;67
16T;19;5;3.29;5.23;C22;14;63;67
16T;20;0;0;5.38;C22;14;63;67
16T;21;0;0;5.84;C22;14;63;67
16T;22;0;0;5.07;C22;14;63;67
16T;23;3;1.7;5.38;C22;14;63;67
16T;24;0;0;5.69;C22;14;63;67
16T;25;1;0.32;5.38;C22;14;63;67
16T;26;5;1.21;4.46;C22;14;63;67
16T;27;0;0;5.07;C22;14;63;67
16T;28;2;0.75;4.77;C22;14;63;67
16T;29;0;0;5.07;C22;14;63;67
16T;30;1;0.38;5.54;C22;14;63;67
16T;31;0;0;5.38;C22;14;63;67
16T;32;0;0;6.15;C22;14;63;67
16T;33;0;0;5.23;C22;14;63;67
16T;34;0;0;4.77;C22;14;63;67
16T;35;4;3.15;5.07;C22;14;63;67
16T;36;5;2.88;6.15;C22;14;63;67
16T;37;0;0;5.69;C22;14;63;67
16T;38;0;0;4.92;C22;14;63;67
16T;39;5;1.73;5.07;C22;14;63;67
16T;40;0;0;5.38;C22;14;63;67
16T;41;0;0;5.07;C22;14;63;67
16T;42;5;1.9;4.31;C22;14;63;67
16T;43;0;0;6.15;C22;14;63;67
16T;44;0;0;4.15;C22;14;63;67
16T;45;0;0;5.54;C22;14;63;67
16T;46;0;0;5.23;C22;14;63;67
16T;47;0;0;5.23;C22;14;63;67
16T;48;0;0;5.54;C22;14;63;67
16T;49;0;0;5.54;C22;14;63;67
16T;50;0;0;5.69;C22;14;63;67
16T;51;4;3.04;4.46;C22;14;63;67
16T;52;0;0;5.38;C22;14;63;67
16T;53;0;0;5.69;C22;14;63;67
16T;54;0;0;4;C22;14;63;67
16T;55;0;0;5.38;C22;14;63;67
16T;56;0;0;4.77;C22;14;63;67
16T;57;4;2.93;5.38;C22;14;63;67
16T;58;0;0;5.84;C22;14;63;67
16T;59;0;0;5.38;C22;14;63;67
17T;1;0;0;5.38;C24;20;64;35
17T;2;0;0;4.77;C24;20;64;35
17T;3;0;0;4.92;C24;20;64;35
17T;4;1;0.39;4.77;C24;20;64;35
17T;5;0;0;3.84;C24;20;64;35
17T;6;0;0;4.61;C24;20;64;35
17T;7;3;1.01;4.61;C24;20;64;35
17T;8;0;0;3.54;C24;20;64;35
17T;9;0;0;5.38;C24;20;64;35
17T;10;3;2.88;3.84;C24;20;64;35
17T;11;2;1.05;4.77;C24;20;64;35
17T;12;0;0;4;C24;20;64;35
17T;13;0;0;5.23;C24;20;64;35
17T;14;0;0;3.84;C24;20;64;35
17T;15;0;0;5.38;C24;20;64;35
17T;16;0;0;3.84;C24;20;64;35
17T;17;0;0;5.07;C24;20;64;35
17T;18;0;0;4;C24;20;64;35
17T;19;5;2.96;4.15;C24;20;64;35
17T;20;0;0;5.23;C24;20;64;35
17T;21;4;2.93;5.07;C24;20;64;35
17T;22;0;0;3.08;C24;20;64;35
17T;23;0;0;3.84;C24;20;64;35
17T;24;0;0;5.38;C24;20;64;35
17T;25;1;0.4;4.77;C24;20;64;35
17T;26;0;0;4.77;C24;20;64;35
17T;27;0;0;4.92;C24;20;64;35
17T;28;2;0.48;5.07;C24;20;64;35
17T;29;4;3.04;4.31;C24;20;64;35
17T;30;4;2.93;4.46;C24;20;64;35
17T;31;0;0;3.84;C24;20;64;35
17T;32;0;0;4.77;C24;20;64;35
17T;33;0;0;5.54;C24;20;64;35
17T;34;5;3.29;5.54;C24;20;64;35
17T;35;0;0;4.77;C24;20;64;35
17T;36;0;0;5.38;C24;20;64;35
17T;37;4;2.97;5.23;C24;20;64;35
17T;38;3;1.97;5.38;C24;20;64;35
17T;39;5;2.93;4.92;C24;20;64;35
17T;40;0;0;4.92;C24;20;64;35
17T;41;0;0;4.46;C24;20;64;35
17T;42;0;0;4.92;C24;20;64;35
17T;43;3;2.81;4.15;C24;20;64;35
17T;44;4;3;5.07;C24;20;64;35
17T;45;0;0;4.61;C24;20;64;35
17T;46;0;0;3.38;C24;20;64;35
17T;47;0;0;4.61;C24;20;64;35
17T;48;0;0;4.61;C24;20;64;35
17T;49;0;0;5.38;C24;20;64;35
17T;50;3;1.11;5.23;C24;20;64;35
17T;51;3;2.88;4.46;C24;20;64;35
17T;52;0;0;4.92;C24;20;64;35
17T;53;3;2.8;3.08;C24;20;64;35
17T;54;3;2.76;4.61;C24;20;64;35
17T;55;0;0;4.92;C24;20;64;35
17T;56;0;0;4;C24;20;64;35
17T;57;0;0;4.92;C24;20;64;35
17T;58;0;0;4.92;C24;20;64;35
17T;59;0;0;4.46;C24;20;64;35
17T;60;0;0;4.15;C24;20;64;35
18T;1;0;0;5.38;C24;16;48;87
18T;2;0;0;5.69;C24;16;48;87
18T;3;0;0;5.38;C24;16;48;87
18T;4;4;3;4.46;C24;16;48;87
18T;5;4;2.18;3.84;C24;16;48;87
18T;6;0;0;6.15;C24;16;48;87
18T;7;0;0;5.23;C24;16;48;87
18T;8;0;0;5.54;C24;16;48;87
18T;9;4;3.01;5.07;C24;16;48;87
18T;10;0;0;4.92;C24;16;48;87
18T;11;0;0;5.84;C24;16;48;87
18T;12;0;0;4.77;C24;16;48;87
18T;13;0;0;5.38;C24;16;48;87
18T;14;5;2.75;4.61;C24;16;48;87
18T;15;5;3.04;4.46;C24;16;48;87
18T;16;5;2.95;4.61;C24;16;48;87
18T;17;5;2.72;4.46;C24;16;48;87
18T;18;0;0;5.38;C24;16;48;87
18T;19;0;0;4.61;C24;16;48;87
18T;20;0;0;5.38;C24;16;48;87
18T;21;0;0;4.77;C24;16;48;87
18T;22;3;0.77;4.92;C24;16;48;87
18T;23;0;0;5.38;C24;16;48;87
18T;24;0;0;5.69;C24;16;48;87
18T;25;4;2.76;4;C24;16;48;87
18T;26;1;0.4;4.46;C24;16;48;87
18T;27;2;0.64;4.77;C24;16;48;87
18T;28;3;2.87;4;C24;16;48;87
18T;29;0;0;5.69;C24;16;48;87
18T;30;0;0;5.07;C24;16;48;87
18T;31;5;2.31;3.38;C24;16;48;87
18T;32;0;0;5.38;C24;16;48;87
18T;33;0;0;4.77;C24;16;48;87
18T;34;0;0;4.77;C24;16;48;87
18T;35;0;0;6;C24;16;48;87
18T;36;5;2.72;4.61;C24;16;48;87
18T;37;0;0;4.61;C24;16;48;87
18T;38;5;2.79;4.31;C24;16;48;87
18T;39;5;3.04;4.77;C24;16;48;87
18T;40;3;1.21;4.92;C24;16;48;87
18T;41;5;2.58;4.61;C24;16;48;87
18T;42;4;2.71;4.46;C24;16;48;87
18T;43;5;3.16;4.46;C24;16;48;87
18T;44;4;2.46;4.46;C24;16;48;87
19T;1;0;0;5.07;C24;16;78;50
19T;2;0;0;4.92;C24;16;78;50
19T;3;0;0;3.54;C24;16;78;50
19T;4;0;0;4.46;C24;16;78;50
19T;5;0;0;5.23;C24;16;78;50
19T;6;0;0;5.38;C24;16;78;50
19T;7;4;3.12;5.07;C24;16;78;50
19T;8;5;2;2.92;C24;16;78;50
19T;9;5;2.51;5.23;C24;16;78;50
19T;10;0;0;3.38;C24;16;78;50
19T;11;0;0;4.61;C24;16;78;50
19T;12;1;0.66;6.61;C24;16;78;50
19T;13;0;0;4.61;C24;16;78;50
19T;14;0;0;5.23;C24;16;78;50
19T;15;0;0;5.54;C24;16;78;50
19T;16;4;3.02;5.07;C24;16;78;50
19T;17;0;0;3.84;C24;16;78;50
19T;18;4;2.6;4.77;C24;16;78;50
19T;19;0;0;4;C24;16;78;50
19T;20;3;1.13;6;C24;16;78;50
19T;21;0;0;5.54;C24;16;78;50
19T;22;4;2.95;5.38;C24;16;78;50
19T;23;0;0;3.84;C24;16;78;50
19T;24;0;0;5.38;C24;16;78;50
19T;25;0;0;6;C24;16;78;50
19T;26;0;0;4.46;C24;16;78;50
19T;27;0;0;5.54;C24;16;78;50
19T;28;0;0;4.31;C24;16;78;50
19T;29;2;0.54;5.84;C24;16;78;50
19T;30;0;0;3.69;C24;16;78;50
19T;31;0;0;4.31;C24;16;78;50
19T;32;0;0;4.15;C24;16;78;50
19T;33;4;3.03;4.92;C24;16;78;50
19T;34;0;0;4.15;C24;16;78;50
19T;35;0;0;4.31;C24;16;78;50
19T;36;0;0;5.69;C24;16;78;50
19T;37;1;0.5;5.54;C24;16;78;50
19T;38;0;0;5.07;C24;16;78;50
19T;39;4;2.65;4.77;C24;16;78;50
19T;40;0;0;4.77;C24;16;78;50
19T;41;0;0;5.23;C24;16;78;50
19T;42;1;0.81;4.92;C24;16;78;50
19T;43;0;0;6;C24;16;78;50
19T;44;0;0;5.84;C24;16;78;50
19T;45;3;0.94;5.23;C24;16;78;50
19T;46;0;0;5.23;C24;16;78;50
19T;47;0;0;4.46;C24;16;78;50
19T;48;0;0;3.84;C24;16;78;50
19T;49;0;0;4.77;C24;16;78;50
19T;50;4;2.95;5.69;C24;16;78;50
19T;51;0;0;2.61;C24;16;78;50
19T;52;0;0;3.84;C24;16;78;50
19T;53;0;0;5.23;C24;16;78;50
19T;54;0;0;3.69;C24;16;78;50
19T;55;0;0;4.92;C24;16;78;50
19T;56;0;0;4.77;C24;16;78;50
19T;57;0;0;5.54;C24;16;78;50
19T;58;0;0;5.38;C24;16;78;50
19T;59;0;0;4.31;C24;16;78;50
19T;60;3;1.08;3.84;C24;16;78;50
19T;61;4;2.93;5.38;C24;16;78;50
19T;62;0;0;4.46;C24;16;78;50
19T;63;0;0;5.07;C24;16;78;50
19T;64;3;1.42;5.07;C24;16;78;50
19T;65;0;0;4.46;C24;16;78;50
19T;66;0;0;4.77;C24;16;78;50
19T;67;0;0;6;C24;16;78;50
19T;68;0;0;4.77;C24;16;78;50
19T;69;4;2.66;5.69;C24;16;78;50
19T;70;0;0;5.54;C24;16;78;50
19T;71;0;0;5.38;C24;16;78;50
19T;72;4;2.41;4.92;C24;16;78;50
19T;73;0;0;4.92;C24;16;78;50
19T;74;4;2.57;5.23;C24;16;78;50
19T;75;3;2.33;4.46;C24;16;78;50
20T;1;0;0;5.38;C24;17;67;63
20T;2;0;0;4.92;C24;17;67;63
20T;3;5;2.75;5.38;C24;17;67;63
20T;4;0;0;4.92;C24;17;67;63
20T;5;0;0;5.23;C24;17;67;63
20T;6;0;0;5.38;C24;17;67;63
20T;7;0;0;5.54;C24;17;67;63
20T;8;0;0;4.15;C24;17;67;63
20T;9;5;1.89;3.69;C24;17;67;63
20T;10;4;2.61;4.46;C24;17;67;63
20T;11;0;0;4.61;C24;17;67;63
20T;12;0;0;4.61;C24;17;67;63
20T;13;0;0;5.07;C24;17;67;63
20T;14;0;0;4.77;C24;17;67;63
20T;15;0;0;4.31;C24;17;67;63
20T;16;0;0;5.23;C24;17;67;63
20T;17;0;0;4.92;C24;17;67;63
20T;18;0;0;5.07;C24;17;67;63
20T;19;0;0;4.92;C24;17;67;63
20T;20;0;0;5.23;C24;17;67;63
20T;21;0;0;4.46;C24;17;67;63
20T;22;0;0;4.92;C24;17;67;63
20T;23;0;0;4.46;C24;17;67;63
20T;24;0;0;3.84;C24;17;67;63
20T;25;4;2.73;5.07;C24;17;67;63
20T;26;0;0;4.46;C24;17;67;63
20T;27;4;2.59;4.46;C24;17;67;63
20T;28;0;0;4.61;C24;17;67;63
20T;29;0;0;5.38;C24;17;67;63
20T;30;0;0;5.54;C24;17;67;63
20T;31;5;3.05;4.92;C24;17;67;63
20T;32;0;0;4.15;C24;17;67;63
20T;33;0;0;4.61;C24;17;67;63
20T;34;5;2.33;4.77;C24;17;67;63
20T;35;5;2.6;4.61;C24;17;67;63
20T;36;5;2.6;3.38;C24;17;67;63
20T;37;0;0;4.77;C24;17;67;63
20T;38;0;0;5.54;C24;17;67;63
20T;39;0;0;4.77;C24;17;67;63
20T;40;4;2.98;4.46;C24;17;67;63
20T;41;0;0;4.92;C24;17;67;63
20T;42;0;0;4.61;C24;17;67;63
20T;43;5;2.54;4.46;C24;17;67;63
20T;44;5;2.55;5.38;C24;17;67;63
20T;45;0;0;4.46;C24;17;67;63
20T;46;0;0;4.92;C24;17;67;63
20T;47;0;0;5.54;C24;17;67;63
20T;48;0;0;4.46;C24;17;67;63
20T;49;4;2.51;5.07;C24;17;67;63
20T;50;0;0;5.23;C24;17;67;63
20T;51;0;0;4.15;C24;17;67;63
20T;52;3;1.34;3.84;C24;17;67;63
20T;53;0;0;5.07;C24;17;67;63
20T;54;0;0;5.38;C24;17;67;63
20T;55;0;0;4.15;C24;17;67;63
20T;56;0;0;5.69;C24;17;67;63
20T;57;0;0;5.38;C24;17;67;63
20T;58;5;2.13;4.31;C24;17;67;63
20T;59;0;0;5.07;C24;17;67;63
20T;60;5;1.74;3.84;C24;17;67;63
20T;61;3;1.86;3.23;C24;17;67;63
20T;62;5;2.78;4.46;C24;17;67;63
20T;63;0;0;4.77;C24;17;67;63
21T;1;4;2.79;5.15;C26;21;96;252
21T;2;4;2.81;4.52;C26;21;96;252
21T;3;0;0;4.83;C26;21;96;252
21T;4;4;2.48;3.83;C26;21;96;252
21T;5;0;0;5.32;C26;21;96;252
21T;6;5;2.63;5.57;C26;21;96;252
21T;7;0;0;4.95;C26;21;96;252
21T;8;4;2.94;5.63;C26;21;96;252
21T;9;0;0;5.69;C26;21;96;252
21T;10;0;0;6.15;C26;21;96;252
21T;11;0;0;4.61;C26;21;96;252
21T;12;5;2.8;5.38;C26;21;96;252
21T;13;0;0;4.92;C26;21;96;252
21T;14;0;0;4.46;C26;21;96;252
21T;15;4;2.4;4.61;C26;21;96;252
21T;16;1;0.79;5.69;C26;21;96;252
21T;17;5;2.48;4.31;C26;21;96;252
21T;18;3;2.68;4.92;C26;21;96;252
21T;19;4;2.59;4.77;C26;21;96;252
21T;20;0;0;4.77;C26;21;96;252
21T;21;0;0;5.07;C26;21;96;252
21T;22;0;0;5.38;C26;21;96;252
21T;23;5;2.56;5.07;C26;21;96;252
21T;24;3;1.45;5.23;C26;21;96;252
21T;25;0;0;5.69;C26;21;96;252
21T;26;3;1.97;6.15;C26;21;96;252
21T;27;4;2.39;5.54;C26;21;96;252
21T;28;0;0;5.38;C26;21;96;252
21T;29;5;2.11;5.84;C26;21;96;252
21T;30;4;2.2;4.77;C26;21;96;252
21T;31;0;0;4.92;C26;21;96;252
21T;32;4;2.7;5.23;C26;21;96;252
21T;33;0;0;6;C26;21;96;252
21T;34;1;0.74;4.92;C26;21;96;252
21T;35;5;3.03;4.92;C26;21;96;252
21T;36;0;0;5.07;C26;21;96;252
21T;37;0;0;5.23;C26;21;96;252
21T;38;4;3.45;5.38;C26;21;96;252
21T;39;4;3.17;5.38;C26;21;96;252
21T;40;0;0;5.23;C26;21;96;252
21T;41;5;2.62;4.92;C26;21;96;252
21T;42;0;0;5.23;C26;21;96;252
21T;43;4;2.91;4.46;C26;21;96;252
21T;44;0;0;4.31;C26;21;96;252
21T;45;0;0;4.61;C26;21;96;252
21T;46;1;0.82;5.84;C26;21;96;252
21T;47;5;2.45;5.54;C26;21;96;252
21T;48;4;2.71;4.77;C26;21;96;252
21T;49;0;0;4.92;C26;21;96;252
21T;50;0;0;4.61;C26;21;96;252
21T;51;0;0;4.92;C26;21;96;252
21T;52;0;0;5.69;C26;21;96;252
21T;53;0;0;4.61;C26;21;96;252
21T;54;4;2.54;4.15;C26;21;96;252
21T;55;5;2.69;5.38;C26;21;96;252
21T;56;0;0;4.46;C26;21;96;252
21T;57;0;0;4.15;C26;21;96;252
21T;58;4;2.67;4.61;C26;21;96;252
21T;59;0;0;4.46;C26;21;96;252
21T;60;4;2.51;4.61;C26;21;96;252
21T;61;0;0;4.61;C26;21;96;252
21T;62;5;2.88;5.23;C26;21;96;252
21T;63;0;0;5.54;C26;21;96;252
21T;64;0;0;5.38;C26;21;96;252
21T;65;4;3.39;4.92;C26;21;96;252
21T;66;3;1.02;5.38;C26;21;96;252
21T;67;3;1.17;5.38;C26;21;96;252
21T;68;0;0;4.31;C26;21;96;252
21T;69;0;0;4.77;C26;21;96;252
21T;70;0;0;4;C26;21;96;252
21T;71;0;0;5.38;C26;21;96;252
21T;72;4;3.09;5.84;C26;21;96;252
21T;73;0;0;5.38;C26;21;96;252
21T;74;0;0;4.31;C26;21;96;252
21T;75;0;0;5.38;C26;21;96;252
21T;76;3;0.88;4.77;C26;21;96;252
21T;77;0;0;4.61;C26;21;96;252
21T;78;5;2.65;4.15;C26;21;96;252
21T;79;4;2.6;4.77;C26;21;96;252
21T;80;0;0;5.38;C26;21;96;252
21T;81;5;2.14;4.61;C26;21;96;252
21T;82;0;0;4.77;C26;21;96;252
21T;83;4;3.15;4.92;C26;21;96;252
21T;84;0;0;5.07;C26;21;96;252
21T;85;4;3.14;4.92;C26;21;96;252
21T;86;4;2.57;5.23;C26;21;96;252
21T;87;0;0;4.61;C26;21;96;252
21T;88;0;0;4.92;C26;21;96;252
21T;89;0;0;4.61;C26;21;96;252
21T;90;4;2.3;4.92;C26;21;96;252
21T;91;5;3.11;4.61;C26;21;96;252
21T;92;0;0;4.61;C26;21;96;252
22T;1;0;0;5.38;C26;22;83;126
22T;2;0;0;5.23;C26;22;83;126
22T;3;0;0;5.38;C26;22;83;126
22T;4;0;0;6.61;C26;22;83;126
22T;5;1;0.38;4.92;C26;22;83;126
22T;6;0;0;4.31;C26;22;83;126
22T;7;0;0;5.84;C26;22;83;126
22T;8;0;0;4.31;C26;22;83;126
22T;9;0;0;5.84;C26;22;83;126
22T;10;0;0;4.92;C26;22;83;126
22T;11;0;0;4.77;C26;22;83;126
22T;12;3;1.06;5.07;C26;22;83;126
22T;13;0;0;6;C26;22;83;126
22T;14;0;0;4.77;C26;22;83;126
22T;15;0;0;5.54;C26;22;83;126
22T;16;5;2.85;4.92;C26;22;83;126
22T;17;0;0;5.07;C26;22;83;126
22T;18;5;2.88;4.46;C26;22;83;126
22T;19;4;2.67;4.61;C26;22;83;126
22T;20;0;0;4.15;C26;22;83;126
22T;21;5;2.81;5.07;C26;22;83;126
22T;22;5;1.5;3.54;C26;22;83;126
22T;23;0;0;5.38;C26;22;83;126
22T;24;0;0;6.15;C26;22;83;126
22T;25;0;0;5.38;C26;22;83;126
22T;26;5;2.38;4.46;C26;22;83;126
22T;27;0;0;4.92;C26;22;83;126
22T;28;1;0.5;5.23;C26;22;83;126
22T;29;0;0;5.54;C26;22;83;126
22T;30;1;0.7;5.38;C26;22;83;126
22T;31;4;2.91;3.23;C26;22;83;126
22T;32;0;0;3.54;C26;22;83;126
22T;33;0;0;4.61;C26;22;83;126
22T;34;5;2.96;4.61;C26;22;83;126
22T;35;0;0;5.38;C26;22;83;126
22T;36;0;0;5.38;C26;22;83;126
22T;37;5;1.32;3.84;C26;22;83;126
22T;38;0;0;6;C26;22;83;126
22T;39;0;0;5.69;C26;22;83;126
22T;40;0;0;5.23;C26;22;83;126
22T;41;0;0;4.77;C26;22;83;126
22T;42;4;2.64;4.77;C26;22;83;126
22T;43;0;0;5.84;C26;22;83;126
22T;44;0;0;5.38;C26;22;83;126
22T;45;5;2.98;5.07;C26;22;83;126
22T;46;0;0;5.69;C26;22;83;126
22T;47;5;2.66;4.77;C26;22;83;126
22T;48;0;0;4.92;C26;22;83;126
22T;49;0;0;4.46;C26;22;83;126
22T;50;0;0;5.07;C26;22;83;126
22T;51;5;1.8;4;C26;22;83;126
22T;52;0;0;5.38;C26;22;83;126
22T;53;0;0;5.23;C26;22;83;126
22T;54;5;2.6;5.54;C26;22;83;126
22T;55;4;3.15;5.23;C26;22;83;126
22T;56;5;2.04;5.38;C26;22;83;126
22T;57;0;0;5.54;C26;22;83;126
22T;58;0;0;5.07;C26;22;83;126
22T;59;3;2.38;5.54;C26;22;83;126
22T;60;0;0;4.61;C26;22;83;126
22T;61;4;2.35;4.77;C26;22;83;126
22T;62;4;2.69;5.07;C26;22;83;126
22T;63;0;0;5.54;C26;22;83;126
22T;64;0;0;5.23;C26;22;83;126
22T;65;0;0;3.84;C26;22;83;126
22T;66;0;0;5.38;C26;22;83;126
22T;67;0;0;5.38;C26;22;83;126
22T;68;0;0;5.23;C26;22;83;126
22T;69;0;0;5.38;C26;22;83;126
22T;70;5;2.19;4.46;C26;22;83;126
22T;71;0;0;5.38;C26;22;83;126
22T;72;0;0;5.38;C26;22;83;126
22T;73;0;0;4.92;C26;22;83;126
22T;74;2;0.36;3.23;C26;22;83;126
22T;75;0;0;4.92;C26;22;83;126
22T;76;0;0;5.38;C26;22;83;126
22T;77;0;0;6;C26;22;83;126
22T;78;0;0;5.54;C26;22;83;126
22T;79;0;0;5.54;C26;22;83;126
23T;1;3;3.13;4.15;C26;19;70;126
23T;2;0;0;4.31;C26;19;70;126
23T;3;0;0;5.54;C26;19;70;126
23T;4;0;0;6;C26;19;70;126
23T;5;2;0.34;4.92;C26;19;70;126
23T;6;0;0;4.92;C26;19;70;126
23T;7;0;0;5.54;C26;19;70;126
23T;8;5;1.29;4.61;C26;19;70;126
23T;9;0;0;5.54;C26;19;70;126
23T;10;0;0;5.38;C26;19;70;126
23T;11;0;0;5.69;C26;19;70;126
23T;12;2;0.41;5.38;C26;19;70;126
23T;13;0;0;4.92;C26;19;70;126
23T;14;4;3.04;5.38;C26;19;70;126
23T;15;5;1.3;4.46;C26;19;70;126
23T;16;3;2.43;4.77;C26;19;70;126
23T;17;0;0;5.54;C26;19;70;126
23T;18;0;0;4.15;C26;19;70;126
23T;19;0;0;6.15;C26;19;70;126
23T;20;5;2.19;5.38;C26;19;70;126
23T;21;0;0;4.92;C26;19;70;126
23T;22;3;2.59;4.92;C26;19;70;126
23T;23;0;0;4.92;C26;19;70;126
23T;24;5;2.66;4.46;C26;19;70;126
23T;25;0;0;5.65;C26;19;70;126
23T;26;0;0;5.27;C26;19;70;126
23T;27;3;1.11;4.31;C26;19;70;126
23T;28;0;0;5.38;C26;19;70;126
23T;29;0;0;5.38;C26;19;70;126
23T;30;0;0;5.54;C26;19;70;126
23T;31;0;0;4;C26;19;70;126
23T;32;0;0;5.07;C26;19;70;126
23T;33;0;0;7.38;C26;19;70;126
23T;34;4;2.89;5.54;C26;19;70;126
23T;35;0;0;6.15;C26;19;70;126
23T;36;0;0;4.61;C26;19;70;126
23T;37;3;0.9;4.15;C26;19;70;126
23T;38;4;2.77;5.38;C26;19;70;126
23T;39;0;0;4.15;C26;19;70;126
23T;40;0;0;4.92;C26;19;70;126
23T;41;0;0;5.07;C26;19;70;126
23T;42;4;3.21;4.92;C26;19;70;126
23T;43;0;0;5.54;C26;19;70;126
23T;44;5;1.33;4.15;C26;19;70;126
23T;45;0;0;3.84;C26;19;70;126
23T;46;0;0;5.38;C26;19;70;126
23T;47;3;2.34;4.46;C26;19;70;126
23T;48;0;0;5.23;C26;19;70;126
23T;49;0;0;4.77;C26;19;70;126
23T;50;5;2.73;5.54;C26;19;70;126
23T;51;3;2.87;4.46;C26;19;70;126
23T;52;0;0;3.23;C26;19;70;126
23T;53;0;0;3.69;C26;19;70;126
23T;54;0;0;5.38;C26;19;70;126
23T;55;0;0;5.84;C26;19;70;126
23T;56;0;0;5.07;C26;19;70;126
23T;57;0;0;5.07;C26;19;70;126
23T;58;0;0;4.46;C26;19;70;126
23T;59;3;1.02;4.15;C26;19;70;126
23T;60;0;0;4.61;C26;19;70;126
23T;61;0;0;5.69;C26;19;70;126
23T;62;0;0;5.23;C26;19;70;126
23T;63;3;3.03;4.61;C26;19;70;126
23T;64;0;0;4.92;C26;19;70;126
23T;65;4;2.8;4.61;C26;19;70;126
23T;66;4;3.28;4.92;C26;19;70;126
24T;1;0;0;6;C26;16;80;93
24T;2;0;0;4.15;C26;16;80;93
24T;3;0;0;5.38;C26;16;80;93
24T;4;0;0;4.92;C26;16;80;93
24T;5;5;2.45;4.77;C26;16;80;93
24T;6;4;2.81;5.23;C26;16;80;93
24T;7;5;1.64;5.38;C26;16;80;93
24T;8;0;0;5.54;C26;16;80;93
24T;9;0;0;4.92;C26;16;80;93
24T;10;0;0;5.23;C26;16;80;93
24T;11;1;0.38;5.23;C26;16;80;93
24T;12;0;0;4.77;C26;16;80;93
24T;13;0;0;5.38;C26;16;80;93
24T;14;0;0;4.92;C26;16;80;93
24T;15;5;2.68;5.38;C26;16;80;93
24T;16;5;1.27;3.84;C26;16;80;93
24T;17;0;0;4.92;C26;16;80;93
24T;18;0;0;5.38;C26;16;80;93
24T;19;4;2.77;5.69;C26;16;80;93
24T;20;0;0;5.69;C26;16;80;93
24T;21;0;0;4.77;C26;16;80;93
24T;22;0;0;5.07;C26;16;80;93
24T;23;0;0;6;C26;16;80;93
24T;24;3;2.17;4.46;C26;16;80;93
24T;25;0;0;5.38;C26;16;80;93
24T;26;0;0;4.92;C26;16;80;93
24T;27;0;0;6.15;C26;16;80;93
24T;28;0;0;4.92;C26;16;80;93
24T;29;0;0;3.84;C26;16;80;93
24T;30;0;0;5.38;C26;16;80;93
24T;31;0;0;5.54;C26;16;80;93
24T;32;0;0;4.61;C26;16;80;93
24T;33;0;0;5.38;C26;16;80;93
24T;34;0;0;4.46;C26;16;80;93
24T;35;0;0;5.23;C26;16;80;93
24T;36;0;0;4;C26;16;80;93
24T;37;0;0;5.38;C26;16;80;93
24T;38;5;1.26;4.31;C26;16;80;93
24T;39;4;2.47;4.77;C26;16;80;93
24T;40;0;0;5.38;C26;16;80;93
24T;41;0;0;4.92;C26;16;80;93
24T;42;5;1.86;4.92;C26;16;80;93
24T;43;0;0;5.07;C26;16;80;93
24T;44;0;0;5.23;C26;16;80;93
24T;45;0;0;4.92;C26;16;80;93
24T;46;4;2.7;6;C26;16;80;93
24T;47;5;2.65;5.07;C26;16;80;93
24T;48;0;0;5.38;C26;16;80;93
24T;49;0;0;5.23;C26;16;80;93
24T;50;4;2.68;4.15;C26;16;80;93
24T;51;0;0;5.69;C26;16;80;93
24T;52;0;0;5.54;C26;16;80;93
24T;53;0;0;5.54;C26;16;80;93
24T;54;4;2.64;5.54;C26;16;80;93
24T;55;0;0;5.23;C26;16;80;93
24T;56;0;0;4.77;C26;16;80;93
24T;57;5;2.79;4.92;C26;16;80;93
24T;58;0;0;5.69;C26;16;80;93
24T;59;0;0;5.54;C26;16;80;93
24T;60;0;0;4.92;C26;16;80;93
24T;61;0;0;5.84;C26;16;80;93
24T;62;0;0;5.23;C26;16;80;93
24T;63;0;0;5.54;C26;16;80;93
24T;64;0;0;5.54;C26;16;80;93
24T;65;0;0;4.46;C26;16;80;93
24T;66;0;0;4.77;C26;16;80;93
24T;67;5;2.6;5.23;C26;16;80;93
24T;68;5;3.03;4.92;C26;16;80;93
24T;69;4;2.75;4.15;C26;16;80;93
24T;70;0;0;4.77;C26;16;80;93
24T;71;0;0;4;C26;16;80;93
24T;72;0;0;5.23;C26;16;80;93
24T;73;0;0;5.38;C26;16;80;93
24T;74;0;0;4;C26;16;80;93
24T;75;5;2.94;5.38;C26;16;80;93
24T;76;0;0;5.54;C26;16;80;93
5C;1;4;2.67;4.77;Control;19;97;84
5C;2;5;2.8;5.54;Control;19;97;84
5C;3;2;0.42;4.61;Control;19;97;84
5C;4;0;0;4.92;Control;19;97;84
5C;5;0;0;4.77;Control;19;97;84
5C;6;5;2.96;5.38;Control;19;97;84
5C;7;2;0.59;5.07;Control;19;97;84
5C;8;0;0;3.54;Control;19;97;84
5C;9;5;2.8;4.61;Control;19;97;84
5C;10;0;0;5.07;Control;19;97;84
5C;11;3;2.07;4.46;Control;19;97;84
5C;12;3;1.14;5.23;Control;19;97;84
5C;13;0;0;5.69;Control;19;97;84
5C;14;0;0;3.69;Control;19;97;84
5C;15;3;1.1;4.77;Control;19;97;84
5C;16;4;3.12;5.69;Control;19;97;84
5C;17;0;0;3.38;Control;19;97;84
5C;18;0;0;3.23;Control;19;97;84
5C;19;3;1.17;5.07;Control;19;97;84
5C;20;0;0;3.08;Control;19;97;84
5C;21;1;0.49;6.15;Control;19;97;84
5C;22;0;0;5.23;Control;19;97;84
5C;23;0;0;6.15;Control;19;97;84
5C;24;5;2.91;5.23;Control;19;97;84
5C;25;1;0.41;5.23;Control;19;97;84
5C;26;5;3.03;4.61;Control;19;97;84
5C;27;4;2.52;4.77;Control;19;97;84
5C;28;0;0;5.23;Control;19;97;84
5C;29;0;0;3.69;Control;19;97;84
5C;30;0;0;4.92;Control;19;97;84
5C;31;0;0;6.15;Control;19;97;84
5C;32;5;2.78;5.07;Control;19;97;84
5C;33;3;1.52;4;Control;19;97;84
5C;34;5;2.84;4.77;Control;19;97;84
5C;35;0;0;4.61;Control;19;97;84
5C;36;0;0;5.07;Control;19;97;84
5C;37;0;0;5.23;Control;19;97;84
5C;38;0;0;5.38;Control;19;97;84
5C;39;1;0.35;4.77;Control;19;97;84
5C;40;0;0;4.46;Control;19;97;84
5C;41;0;0;4.77;Control;19;97;84
5C;42;0;0;4.31;Control;19;97;84
5C;43;0;0;5.38;Control;19;97;84
5C;44;0;0;5.38;Control;19;97;84
5C;45;0;0;4.77;Control;19;97;84
5C;46;4;2.72;4.46;Control;19;97;84
5C;47;0;0;5.69;Control;19;97;84
5C;48;0;0;5.84;Control;19;97;84
5C;49;1;0.7;5.38;Control;19;97;84
5C;50;1;0.4;5.69;Control;19;97;84
5C;51;0;0;3.38;Control;19;97;84
5C;52;5;3.22;4.15;Control;19;97;84
5C;53;3;0.83;5.38;Control;19;97;84
5C;54;0;0;2.92;Control;19;97;84
5C;55;0;0;5.07;Control;19;97;84
5C;56;0;0;4.15;Control;19;97;84
5C;57;0;0;4.15;Control;19;97;84
5C;58;0;0;6.15;Control;19;97;84
5C;59;0;0;5.38;Control;19;97;84
5C;60;0;0;5.07;Control;19;97;84
5C;61;0;0;5.84;Control;19;97;84
5C;62;0;0;3.54;Control;19;97;84
5C;63;0;0;4.61;Control;19;97;84
5C;64;0;0;4.92;Control;19;97;84
5C;65;0;0;3.84;Control;19;97;84
5C;66;5;3.01;4.61;Control;19;97;84
5C;67;4;2.7;4.15;Control;19;97;84
5C;68;0;0;3.69;Control;19;97;84
5C;69;0;0;5.38;Control;19;97;84
5C;70;0;0;5.23;Control;19;97;84
5C;71;0;0;5.23;Control;19;97;84
5C;72;2;0.38;5.07;Control;19;97;84
5C;73;0;0;5.54;Control;19;97;84
5C;74;0;0;5.38;Control;19;97;84
5C;75;0;0;3.84;Control;19;97;84
5C;76;2;0.48;5.07;Control;19;97;84
5C;77;2;0.37;5.07;Control;19;97;84
5C;78;5;3.13;5.38;Control;19;97;84
6C;1;5;2.64;5.07;Control;19;80;154
6C;2;5;2.16;5.38;Control;19;80;154
6C;3;0;0;4.31;Control;19;80;154
6C;4;0;0;4.92;Control;19;80;154
6C;5;3;1.2;4.92;Control;19;80;154
6C;6;3;0.94;4.77;Control;19;80;154
6C;7;0;0;5.54;Control;19;80;154
6C;8;5;2.83;4.77;Control;19;80;154
6C;9;0;0;5.38;Control;19;80;154
6C;10;0;0;4.77;Control;19;80;154
6C;11;0;0;5.23;Control;19;80;154
6C;12;0;0;4.77;Control;19;80;154
6C;13;2;0.49;5.23;Control;19;80;154
6C;14;4;2.86;5.38;Control;19;80;154
6C;15;2;0.51;5.38;Control;19;80;154
6C;16;0;0;4.46;Control;19;80;154
6C;17;0;0;5.38;Control;19;80;154
6C;18;5;1.56;3.84;Control;19;80;154
6C;19;4;2.8;6;Control;19;80;154
6C;20;4;2.95;5.84;Control;19;80;154
6C;21;4;2.15;5.38;Control;19;80;154
6C;22;0;0;4.61;Control;19;80;154
6C;23;2;0.67;4.77;Control;19;80;154
6C;24;5;1.81;5.38;Control;19;80;154
6C;25;0;0;4.92;Control;19;80;154
6C;26;0;0;4.92;Control;19;80;154
6C;27;0;0;5.69;Control;19;80;154
6C;28;0;0;4.46;Control;19;80;154
6C;29;3;0.98;5.38;Control;19;80;154
6C;30;2;0.68;4.92;Control;19;80;154
6C;31;3;2.76;4.92;Control;19;80;154
6C;32;5;2.83;4.77;Control;19;80;154
6C;33;3;2.72;5.07;Control;19;80;154
6C;34;5;2.38;4.92;Control;19;80;154
6C;35;0;0;4.61;Control;19;80;154
6C;36;0;0;5.38;Control;19;80;154
6C;37;0;0;5.69;Control;19;80;154
6C;38;0;0;4.77;Control;19;80;154
6C;39;5;2.6;4.92;Control;19;80;154
6C;40;0;0;4.61;Control;19;80;154
6C;41;0;0;5.38;Control;19;80;154
6C;42;2;0.47;5.84;Control;19;80;154
6C;43;0;0;4.77;Control;19;80;154
6C;44;0;0;5.38;Control;19;80;154
6C;45;5;1.99;4.46;Control;19;80;154
6C;46;0;0;4.77;Control;19;80;154
6C;47;4;2.68;5.69;Control;19;80;154
6C;48;0;0;4.61;Control;19;80;154
6C;49;4;2.72;5.38;Control;19;80;154
6C;50;0;0;5.38;Control;19;80;154
6C;51;0;0;4.77;Control;19;80;154
6C;52;0;0;4.61;Control;19;80;154
6C;53;3;2.57;5.54;Control;19;80;154
6C;54;0;0;5.84;Control;19;80;154
6C;55;0;0;5.23;Control;19;80;154
6C;56;0;0;5.54;Control;19;80;154
6C;57;3;2.33;5.38;Control;19;80;154
6C;58;4;2.96;5.69;Control;19;80;154
6C;59;0;0;4.61;Control;19;80;154
6C;60;5;2.74;4.77;Control;19;80;154
6C;61;0;0;5.23;Control;19;80;154
6C;62;0;0;5.54;Control;19;80;154
6C;63;5;2.32;5.38;Control;19;80;154
6C;64;0;0;4.92;Control;19;80;154
6C;65;3;3.1;5.07;Control;19;80;154
6C;66;0;0;5.23;Control;19;80;154
6C;67;2;0.4;5.23;Control;19;80;154
6C;68;0;0;5.07;Control;19;80;154
6C;69;0;0;4.15;Control;19;80;154
6C;70;0;0;3.69;Control;19;80;154
6C;71;0;0;4.61;Control;19;80;154
6C;72;0;0;3.84;Control;19;80;154
6C;73;0;0;4.46;Control;19;80;154
6C;74;5;2.78;5.38;Control;19;80;154
6C;75;0;0;5.23;Control;19;80;154
6C;76;0;0;6.15;Control;19;80;154
7C;1;4;2.86;5.23;Control;18;69;57
7C;2;0;0;6;Control;18;69;57
7C;3;4;3.05;4.61;Control;18;69;57
7C;4;1;0.34;5.69;Control;18;69;57
7C;5;3;1.89;5.84;Control;18;69;57
7C;6;0;0;4.46;Control;18;69;57
7C;7;0;0;5.84;Control;18;69;57
7C;8;0;0;5.38;Control;18;69;57
7C;9;0;0;4.31;Control;18;69;57
7C;10;4;2.52;4.92;Control;18;69;57
7C;11;0;0;4.31;Control;18;69;57
7C;12;2;0.43;4.77;Control;18;69;57
7C;13;0;0;6.15;Control;18;69;57
7C;14;0;0;4.92;Control;18;69;57
7C;15;0;0;4.46;Control;18;69;57
7C;16;0;0;6;Control;18;69;57
7C;17;4;2.53;6.15;Control;18;69;57
7C;18;0;0;5.54;Control;18;69;57
7C;19;5;2.63;4.46;Control;18;69;57
7C;20;0;0;4;Control;18;69;57
7C;21;0;0;6;Control;18;69;57
7C;22;0;0;5.23;Control;18;69;57
7C;23;4;2.81;5.38;Control;18;69;57
7C;24;0;0;3.69;Control;18;69;57
7C;25;0;0;4.46;Control;18;69;57
7C;26;0;0;5.23;Control;18;69;57
7C;27;4;3.13;5.54;Control;18;69;57
7C;28;3;1.11;6;Control;18;69;57
7C;29;4;3.18;5.84;Control;18;69;57
7C;30;4;2.54;4.92;Control;18;69;57
7C;31;0;0;2.92;Control;18;69;57
7C;32;4;2.61;4.31;Control;18;69;57
7C;33;0;0;6;Control;18;69;57
7C;34;0;0;5.23;Control;18;69;57
7C;35;0;0;4.92;Control;18;69;57
7C;36;0;0;5.07;Control;18;69;57
7C;37;0;0;5.23;Control;18;69;57
7C;38;0;0;4.15;Control;18;69;57
7C;39;0;0;6;Control;18;69;57
7C;40;0;0;5.23;Control;18;69;57
7C;41;0;0;6;Control;18;69;57
7C;42;0;0;5.54;Control;18;69;57
7C;43;0;0;4.46;Control;18;69;57
7C;44;0;0;6.46;Control;18;69;57
7C;45;4;2.41;4.61;Control;18;69;57
7C;46;3;1.38;3.84;Control;18;69;57
7C;47;3;1.18;4.92;Control;18;69;57
7C;48;0;0;6;Control;18;69;57
7C;49;0;0;5.84;Control;18;69;57
7C;50;0;0;5.54;Control;18;69;57
7C;51;0;0;5.69;Control;18;69;57
7C;52;0;0;3.54;Control;18;69;57
7C;53;0;0;5.38;Control;18;69;57
7C;54;2;0.4;3.38;Control;18;69;57
7C;55;1;0.41;5.54;Control;18;69;57
7C;56;5;2.58;4;Control;18;69;57
7C;57;5;3.06;4.92;Control;18;69;57
7C;58;0;0;2.98;Control;18;69;57
7C;59;4;2.65;5.23;Control;18;69;57
7C;60;0;0;3.84;Control;18;69;57
7C;61;0;0;4.15;Control;18;69;57
7C;62;0;0;5.38;Control;18;69;57
7C;63;0;0;5.84;Control;18;69;57
7C;64;5;1.91;5.69;Control;18;69;57
7C;65;2;0.5;6.15;Control;18;69;57
8C;1;5;3.19;5.38;Control;14;69;176
8C;2;0;0;5.38;Control;14;69;176
8C;3;0;0;5.54;Control;14;69;176
8C;4;2;0.71;5.23;Control;14;69;176
8C;5;0;0;5.38;Control;14;69;176
8C;6;5;2.9;4.77;Control;14;69;176
8C;7;0;0;6.15;Control;14;69;176
8C;8;0;0;5.54;Control;14;69;176
8C;9;1;0.38;5.69;Control;14;69;176
8C;10;4;2.92;5.23;Control;14;69;176
8C;11;0;0;5.84;Control;14;69;176
8C;12;5;2.92;5.69;Control;14;69;176
8C;13;0;0;5.69;Control;14;69;176
8C;14;4;2.97;5.38;Control;14;69;176
8C;15;0;0;5.38;Control;14;69;176
8C;16;1;0.28;6.15;Control;14;69;176
8C;17;0;0;6;Control;14;69;176
8C;18;4;3.03;5.23;Control;14;69;176
8C;19;0;0;5.69;Control;14;69;176
8C;20;0;0;5.38;Control;14;69;176
8C;21;0;0;4.61;Control;14;69;176
8C;22;0;0;5.38;Control;14;69;176
8C;23;1;0.3;5.07;Control;14;69;176
8C;24;2;0.43;5.84;Control;14;69;176
8C;25;0;0;5.07;Control;14;69;176
8C;26;0;0;6.15;Control;14;69;176
8C;27;3;2.2;5.38;Control;14;69;176
8C;1;1;0.26;5.38;Control;14;69;176
8C;2;2;0.55;5.54;Control;14;69;176
8C;3;5;3.05;5.38;Control;14;69;176
8C;4;0;0;5.54;Control;14;69;176
8C;5;5;3.04;4.46;Control;14;69;176
8C;6;0;0;5.38;Control;14;69;176
8C;7;0;0;5.69;Control;14;69;176
8C;8;5;2.8;3.84;Control;14;69;176
8C;9;0;0;6.3;Control;14;69;176
8C;10;0;0;5.69;Control;14;69;176
8C;11;0;0;5.54;Control;14;69;176
8C;12;0;0;6.15;Control;14;69;176
8C;13;1;0.27;4.92;Control;14;69;176
8C;14;4;2.92;4.61;Control;14;69;176
8C;15;0;0;4.31;Control;14;69;176
8C;16;0;0;5.23;Control;14;69;176
8C;17;1;0.43;5.38;Control;14;69;176
8C;18;0;0;4.77;Control;14;69;176
8C;19;0;0;5.69;Control;14;69;176
8C;20;0;0;5.23;Control;14;69;176
8C;21;0;0;5.38;Control;14;69;176
8C;22;0;0;5.54;Control;14;69;176
8C;23;0;0;5.23;Control;14;69;176
8C;24;0;0;5.23;Control;14;69;176
8C;25;5;2.91;5.23;Control;14;69;176
8C;26;5;3.08;5.38;Control;14;69;176
8C;27;0;0;5.38;Control;14;69;176
8C;28;0;0;5.69;Control;14;69;176
8C;29;5;3.37;4.77;Control;14;69;176
8C;30;5;3.22;4.46;Control;14;69;176
8C;31;0;0;4.61;Control;14;69;176
8C;32;0;0;5.38;Control;14;69;176
8C;33;0;0;3.84;Control;14;69;176
8C;34;0;0;3.69;Control;14;69;176
8C;35;2;0.43;4.77;Control;14;69;176
8C;36;0;0;5.54;Control;14;69;176
8C;37;0;0;5.38;Control;14;69;176
8C;38;5;2.36;5.23;Control;14;69;176
9T;1;0;0;5.38;C20;18;57;111
9T;2;0;0;4.15;C20;18;57;111
9T;3;0;0;4.61;C20;18;57;111
9T;4;3;1.69;5.54;C20;18;57;111
9T;5;0;0;4.92;C20;18;57;111
9T;6;0;0;5.23;C20;18;57;111
9T;7;5;2.6;4.61;C20;18;57;111
9T;8;0;0;5.54;C20;18;57;111
9T;9;0;0;5.69;C20;18;57;111
9T;10;5;2.62;5.38;C20;18;57;111
9T;11;0;0;5.69;C20;18;57;111
9T;12;4;2.44;4.77;C20;18;57;111
9T;13;0;0;4.92;C20;18;57;111
9T;14;0;0;5.23;C20;18;57;111
9T;15;0;0;4.92;C20;18;57;111
9T;16;0;0;4.61;C20;18;57;111
9T;17;0;0;4.77;C20;18;57;111
9T;18;5;2.48;5.23;C20;18;57;111
9T;19;5;2.34;5.38;C20;18;57;111
9T;20;1;0.48;5.69;C20;18;57;111
9T;21;0;0;5.38;C20;18;57;111
9T;22;0;0;4;C20;18;57;111
9T;23;0;0;6.15;C20;18;57;111
9T;24;0;0;5.84;C20;18;57;111
9T;25;0;0;5.69;C20;18;57;111
9T;26;0;0;4.61;C20;18;57;111
9T;27;0;0;5.69;C20;18;57;111
9T;28;5;2.7;4.31;C20;18;57;111
9T;29;5;2.68;4.61;C20;18;57;111
9T;30;0;0;6.15;C20;18;57;111
9T;31;5;2.58;4.46;C20;18;57;111
9T;32;5;2;4.61;C20;18;57;111
9T;33;4;2.49;4.92;C20;18;57;111
9T;34;0;0;6.3;C20;18;57;111
9T;35;0;0;5.84;C20;18;57;111
9T;36;5;2.33;5.38;C20;18;57;111
9T;37;0;0;4.92;C20;18;57;111
9T;38;0;0;5.54;C20;18;57;111
9T;39;0;0;5.69;C20;18;57;111
9T;40;0;0;5.38;C20;18;57;111
9T;41;0;0;5.54;C20;18;57;111
9T;42;0;0;5.38;C20;18;57;111
9T;43;0;0;5.54;C20;18;57;111
9T;44;0;0;4.92;C20;18;57;111
9T;45;0;0;5.84;C20;18;57;111
9T;46;5;2.98;5.23;C20;18;57;111
9T;47;5;2.84;4.61;C20;18;57;111
9T;48;0;0;6.15;C20;18;57;111
9T;49;0;0;5.23;C20;18;57;111
9T;50;4;3;5.23;C20;18;57;111
9T;51;0;0;5.23;C20;18;57;111
9T;52;0;0;4.92;C20;18;57;111
9T;53;0;0;3.08;C20;18;57;111
3T;1;3;1.27;5.23;C25;26;122;79
3T;2;0;0.00;5.84;C25;26;122;79
3T;3;3;2.86;4.92;C25;26;122;79
3T;4;1;0.36;5.23;C25;26;122;79
3T;5;2;0.60;5.69;C25;26;122;79
3T;6;0;0.00;5.38;C25;26;122;79
3T;7;0;0.00;4.61;C25;26;122;79
3T;8;0;0.00;4.61;C25;26;122;79
3T;9;3;1.95;5.23;C25;26;122;79
3T;10;0;0.00;6.00;C25;26;122;79
3T;11;0;0.00;5.23;C25;26;122;79
3T;12;0;0.00;5.07;C25;26;122;79
3T;13;4;2.80;4.92;C25;26;122;79
3T;14;3;0.60;5.84;C25;26;122;79
3T;15;5;3.13;5.38;C25;26;122;79
3T;16;5;2.46;5.07;C25;26;122;79
3T;17;5;3.13;4.61;C25;26;122;79
3T;18;4;2.97;6.15;C25;26;122;79
3T;19;0;0.00;3.84;C25;26;122;79
3T;20;5;2.31;5.38;C25;26;122;79
3T;21;0;0.00;5.23;C25;26;122;79
3T;22;0;0.00;4.31;C25;26;122;79
3T;23;0;0.00;5.38;C25;26;122;79
3T;24;0;0.00;5.54;C25;26;122;79
3T;25;0;0.00;5.38;C25;26;122;79
3T;26;0;0.00;3.54;C25;26;122;79
3T;27;4;2.73;5.07;C25;26;122;79
3T;28;0;0.00;4.31;C25;26;122;79
3T;29;4;1.96;4.92;C25;26;122;79
3T;30;1;0.35;5.38;C25;26;122;79
3T;31;1;0.42;5.38;C25;26;122;79
3T;32;0;0.00;5.38;C25;26;122;79
3T;33;0;0.00;4.00;C25;26;122;79
3T;34;2;0.45;4.77;C25;26;122;79
3T;35;3;0.79;5.54;C25;26;122;79
3T;36;0;0.00;4.46;C25;26;122;79
3T;37;1;0.35;5.38;C25;26;122;79
3T;38;0;0.00;4.92;C25;26;122;79
3T;39;2;0.48;5.07;C25;26;122;79
3T;40;3;2.94;4.46;C25;26;122;79
3T;41;0;0.00;5.38;C25;26;122;79
3T;42;1;0.27;5.38;C25;26;122;79
3T;43;0;0.00;4.77;C25;26;122;79
3T;44;5;2.72;5.54;C25;26;122;79
3T;45;3;1.18;4.61;C25;26;122;79
3T;46;0;0.00;5.54;C25;26;122;79
3T;47;0;0.00;4.92;C25;26;122;79
3T;48;2;0.52;5.23;C25;26;122;79
3T;49;0;0.00;4.77;C25;26;122;79
3T;50;0;0.00;4.77;C25;26;122;79
3T;51;1;0.32;5.23;C25;26;122;79
3T;52;4;2.77;5.38;C25;26;122;79
3T;53;0;0.00;5.54;C25;26;122;79
3T;54;5;3.17;5.23;C25;26;122;79
3T;55;1;0.29;5.38;C25;26;122;79
3T;56;4;2.93;4.77;C25;26;122;79
3T;57;0;0.00;4.92;C25;26;122;79
3T;58;2;0.26;4.92;C25;26;122;79
3T;59;0;0.00;4.61;C25;26;122;79
3T;60;0;0.00;4.92;C25;26;122;79
3T;61;4;2.68;4.46;C25;26;122;79
3T;62;1;0.27;5.23;C25;26;122;79
3T;63;3;1.19;4.77;C25;26;122;79
3T;64;0;0.00;4.15;C25;26;122;79
3T;65;0;0.00;4.92;C25;26;122;79
3T;66;0;0.00;5.54;C25;26;122;79
3T;67;1;0.31;5.84;C25;26;122;79
3T;68;5;2.88;4.77;C25;26;122;79
3T;69;0;0.00;5.69;C25;26;122;79
3T;70;5;2.88;4.61;C25;26;122;79
3T;71;5;1.87;5.38;C25;26;122;79
3T;72;0;0.00;4.92;C25;26;122;79
3T;73;4;3.19;5.07;C25;26;122;79
3T;74;1;0.29;4.31;C25;26;122;79
3T;75;0;0.00;4.46;C25;26;122;79
3T;76;4;2.84;6.00;C25;26;122;79
3T;77;4;2.88;4.46;C25;26;122;79
3T;78;1;0.37;5.07;C25;26;122;79
3T;79;5;3.15;5.54;C25;26;122;79
3T;80;0;0.00;4.61;C25;26;122;79
3T;81;0;0.00;4.77;C25;26;122;79
3T;82;5;3.06;4.61;C25;26;122;79
3T;83;0;0.00;5.69;C25;26;122;79
3T;84;3;2.47;4.15;C25;26;122;79
3T;85;3;2.35;4.92;C25;26;122;79
3T;86;5;2.85;4.46;C25;26;122;79
3T;87;0;0.00;5.54;C25;26;122;79
3T;88;1;0.29;5.38;C25;26;122;79
3T;89;0;0.00;5.54;C25;26;122;79
3T;90;0;0.00;4.46;C25;26;122;79
3T;91;1;0.38;5.54;C25;26;122;79
3T;92;0;0.00;4.00;C25;26;122;79
3T;93;3;2.10;4.77;C25;26;122;79
3T;94;0;0.00;3.54;C25;26;122;79
3T;95;0;0.00;4.15;C25;26;122;79
3T;96;2;0.57;5.23;C25;26;122;79
3T;97;5;2.63;4.31;C25;26;122;79
3T;98;2;0.55;4.61;C25;26;122;79
3T;99;0;0.00;5.23;C25;26;122;79
3T;100;0;0.00;5.07;C25;26;122;79
3T;101;0;0.00;4.61;C25;26;122;79
3T;102;0;0.00;4.92;C25;26;122;79
3T;103;5;2.42;3.69;C25;26;122;79
3T;104;3;1.70;5.38;C25;26;122;79
3T;105;0;0.00;4.46;C25;26;122;79
3T;106;4;2.38;5.38;C25;26;122;79
3T;107;0;0.00;4.00;C25;26;122;79
3T;108;0;0.00;4.77;C25;26;122;79
3T;109;5;2.68;4.92;C25;26;122;79
3T;110;0;0.00;5.38;C25;26;122;79
3T;111;0;0.00;5.23;C25;26;122;79
3T;112;0;0.00;4.00;C25;26;122;79
3T;113;0;0.00;4.77;C25;26;122;79
3T;114;0;0.00;5.23;C25;26;122;79
3T;115;0;0.00;4.92;C25;26;122;79
3T;116;5;3.08;5.54;C25;26;122;79
3T;117;5;2.83;4.46;C25;26;122;79
3T;118;0;0.00;3.23;C25;26;122;79
4T;1;0;0.00;4.61;C25;26;122;59
4T;2;5;2.05;5.54;C25;26;122;59
4T;3;0;0.00;6.15;C25;26;122;59
4T;4;0;0.00;5.38;C25;26;122;59
4T;5;0;0.00;4.46;C25;26;122;59
4T;6;0;0.00;4.61;C25;26;122;59
4T;7;5;2.95;5.07;C25;26;122;59
4T;8;5;0.78;5.38;C25;26;122;59
4T;9;1;0.27;3.84;C25;26;122;59
4T;10;4;2.54;5.38;C25;26;122;59
4T;11;0;0.00;4.61;C25;26;122;59
4T;12;0;0.00;3.84;C25;26;122;59
4T;13;2;0.31;6.15;C25;26;122;59
4T;14;5;1.41;4.00;C25;26;122;59
4T;15;0;0.00;5.23;C25;26;122;59
4T;16;5;2.23;4.77;C25;26;122;59
4T;17;0;0.00;3.08;C25;26;122;59
4T;18;0;0.00;6.00;C25;26;122;59
4T;19;0;0.00;4.15;C25;26;122;59
4T;20;5;2.09;4.92;C25;26;122;59
4T;21;1;0.35;5.69;C25;26;122;59
4T;22;2;0.32;4.61;C25;26;122;59
4T;23;0;0.00;4.61;C25;26;122;59
4T;24;0;0.00;4.00;C25;26;122;59
4T;25;0;0.00;4.15;C25;26;122;59
4T;26;0;0.00;5.38;C25;26;122;59
4T;27;0;0.00;5.69;C25;26;122;59
4T;28;5;1.71;5.23;C25;26;122;59
4T;29;0;0.00;4.15;C25;26;122;59
4T;30;0;0.00;5.38;C25;26;122;59
4T;31;0;0.00;5.38;C25;26;122;59
4T;32;0;0.00;3.38;C25;26;122;59
4T;33;0;0.00;4.46;C25;26;122;59
4T;34;5;2.40;5.54;C25;26;122;59
4T;35;0;0.00;6.46;C25;26;122;59
4T;36;0;0.00;4.46;C25;26;122;59
4T;37;1;0.35;5.84;C25;26;122;59
4T;38;0;0.00;5.38;C25;26;122;59
4T;39;0;0.00;5.54;C25;26;122;59
4T;40;0;0.00;4.77;C25;26;122;59
4T;41;5;2.51;4.46;C25;26;122;59
4T;42;0;0.00;5.54;C25;26;122;59
4T;43;0;0.00;5.07;C25;26;122;59
4T;44;5;2.86;5.23;C25;26;122;59
4T;45;5;2.13;4.92;C25;26;122;59
4T;46;1;0.21;5.38;C25;26;122;59
4T;47;4;2.89;5.69;C25;26;122;59
4T;48;2;0.55;5.84;C25;26;122;59
4T;49;3;2.48;4.92;C25;26;122;59
4T;50;2;0.55;6.30;C25;26;122;59
4T;51;0;0.00;6.15;C25;26;122;59
4T;52;5;2.43;5.07;C25;26;122;59
4T;53;3;1.41;5.54;C25;26;122;59
4T;54;0;0.00;4.00;C25;26;122;59
4T;55;5;2.38;5.54;C25;26;122;59
4T;56;0;0.00;5.84;C25;26;122;59
4T;57;0;0.00;5.38;C25;26;122;59
4T;58;0;0.00;5.38;C25;26;122;59
4T;59;4;3.05;5.54;C25;26;122;59
4T;60;0;0.00;6.92;C25;26;122;59
4T;61;0;0.00;5.54;C25;26;122;59
4T;62;0;0.00;5.84;C25;26;122;59
4T;63;0;0.00;5.54;C25;26;122;59
4T;64;0;0.00;6.30;C25;26;122;59
4T;65;0;0.00;5.54;C25;26;122;59
4T;66;5;2.26;4.77;C25;26;122;59
4T;67;0;0.00;5.69;C25;26;122;59
4T;68;0;0.00;4.00;C25;26;122;59
4T;69;0;0.00;5.38;C25;26;122;59
4T;70;5;2.43;5.23;C25;26;122;59
4T;71;0;0.00;5.69;C25;26;122;59
4T;72;0;0.00;3.54;C25;26;122;59
4T;73;5;1.01;4.77;C25;26;122;59
4T;74;5;2.10;5.54;C25;26;122;59
4T;75;5;3.18;6.61;C25;26;122;59
4T;76;5;2.61;5.38;C25;26;122;59
4T;77;0;0.00;5.07;C25;26;122;59
4T;78;0;0.00;6.15;C25;26;122;59
4T;79;0;0.00;6.00;C25;26;122;59
4T;80;0;0.00;5.38;C25;26;122;59
4T;81;5;2.33;5.23;C25;26;122;59
4T;82;0;0.00;5.84;C25;26;122;59
4T;83;0;0.00;5.23;C25;26;122;59
4T;84;0;0.00;6.77;C25;26;122;59
4T;85;5;2.80;5.69;C25;26;122;59
4T;86;0;0.00;5.23;C25;26;122;59
4T;87;4;3.08;5.54;C25;26;122;59
4T;88;0;0.00;5.84;C25;26;122;59
4T;89;0;0.00;4.77;C25;26;122;59
4T;90;0;0.00;6.30;C25;26;122;59
4T;91;5;3.09;5.38;C25;26;122;59
4T;92;0;0.00;5.23;C25;26;122;59
4T;93;0;0.00;5.69;C25;26;122;59
4T;94;0;0.00;5.38;C25;26;122;59
4T;95;0;0.00;6.00;C25;26;122;59
4T;96;5;1.98;5.23;C25;26;122;59
4T;97;4;2.73;5.38;C25;26;122;59
4T;98;0;0.00;4.61;C25;26;122;59
4T;99;0;0.00;4.46;C25;26;122;59
4T;100;5;2.22;5.07;C25;26;122;59
4T;101;3;2.84;5.38;C25;26;122;59
4T;102;0;0.00;5.84;C25;26;122;59
4T;103;5;2.93;5.69;C25;26;122;59
4T;104;0;0.00;3.54;C25;26;122;59
4T;105;4;2.88;4.92;C25;26;122;59
4T;106;4;2.76;5.07;C25;26;122;59
4T;107;0;0.00;5.07;C25;26;122;59
4T;108;0;0.00;5.69;C25;26;122;59
4T;109;0;0.00;4.46;C25;26;122;59
4T;110;5;2.68;4.92;C25;26;122;59
4T;111;0;0.00;4.31;C25;26;122;59
4T;112;0;0.00;3.84;C25;26;122;59
4T;113;2;0.46;4.46;C25;26;122;59
4T;114;5;2.40;4.77;C25;26;122;59
4T;115;0;0.00;5.54;C25;26;122;59
4T;116;0;0.00;4.92;C25;26;122;59
4T;117;0;0.00;5.07;C25;26;122;59
4T;118;5;2.35;4.77;C25;26;122;59
2T;1;2;0.55;5.54;C25;24;78;153
2T;2;2;0.35;4.46;C25;24;78;153
2T;3;1;0.35;5.23;C25;24;78;153
2T;4;0;0.00;5.54;C25;24;78;153
2T;5;5;3.38;4.46;C25;24;78;153
2T;6;4;3.37;5.69;C25;24;78;153
2T;7;0;0.00;5.23;C25;24;78;153
2T;8;5;3.45;5.07;C25;24;78;153
2T;9;0;0.00;4.92;C25;24;78;153
2T;10;0;0.00;5.07;C25;24;78;153
2T;11;0;0.00;5.23;C25;24;78;153
2T;12;2;0.82;4.77;C25;24;78;153
2T;13;0;0.00;5.54;C25;24;78;153
2T;14;0;0.00;5.69;C25;24;78;153
2T;15;0;0.00;4.61;C25;24;78;153
2T;16;3;3.03;4.15;C25;24;78;153
2T;17;0;0.00;4.92;C25;24;78;153
2T;18;0;0.00;5.54;C25;24;78;153
2T;19;0;0.00;4.46;C25;24;78;153
2T;20;5;2.75;4.77;C25;24;78;153
2T;21;0;0.00;5.69;C25;24;78;153
2T;22;0;0.00;4.77;C25;24;78;153
2T;23;0;0.00;5.23;C25;24;78;153
2T;24;1;0.26;5.54;C25;24;78;153
2T;25;0;0.00;4.46;C25;24;78;153
2T;26;5;1.41;4.92;C25;24;78;153
2T;27;2;0.40;4.00;C25;24;78;153
2T;28;5;0.99;4.92;C25;24;78;153
2T;29;3;1.16;4.92;C25;24;78;153
2T;30;5;3.16;4.77;C25;24;78;153
2T;31;0;0.00;4.46;C25;24;78;153
2T;32;4;3.05;5.07;C25;24;78;153
2T;33;2;0.36;4.92;C25;24;78;153
2T;34;0;0.00;5.23;C25;24;78;153
2T;35;0;0.00;5.69;C25;24;78;153
2T;36;2;0.41;4.15;C25;24;78;153
2T;37;0;0.00;4.92;C25;24;78;153
2T;38;0;0.00;4.77;C25;24;78;153
2T;39;0;0.00;4.61;C25;24;78;153
2T;40;0;0.00;4.31;C25;24;78;153
2T;41;1;0.34;4.92;C25;24;78;153
2T;42;2;0.44;4.61;C25;24;78;153
2T;43;5;2.88;5.38;C25;24;78;153
2T;44;0;0.00;3.84;C25;24;78;153
2T;45;0;0.00;5.54;C25;24;78;153
2T;46;0;0.00;4.00;C25;24;78;153
2T;47;0;0.00;4.31;C25;24;78;153
2T;48;5;2.30;4.31;C25;24;78;153
2T;49;0;0.00;4.61;C25;24;78;153
2T;50;4;2.92;5.38;C25;24;78;153
2T;51;0;0.00;4.92;C25;24;78;153
2T;52;0;0.00;4.15;C25;24;78;153
2T;53;0;0.00;5.69;C25;24;78;153
2T;54;5;2.83;5.38;C25;24;78;153
2T;55;4;2.72;5.54;C25;24;78;153
2T;56;0;0.00;5.07;C25;24;78;153
2T;57;0;0.00;4.61;C25;24;78;153
2T;58;3;0.62;4.31;C25;24;78;153
2T;59;4;3.19;6.00;C25;24;78;153
2T;60;0;0.00;3.84;C25;24;78;153
2T;61;3;2.75;4.15;C25;24;78;153
2T;62;5;2.80;4.77;C25;24;78;153
2T;63;0;0.00;4.61;C25;24;78;153
2T;64;5;2.94;4.77;C25;24;78;153
2T;65;0;0.00;5.07;C25;24;78;153
2T;66;0;0.00;4.77;C25;24;78;153
2T;67;0;0.00;4.61;C25;24;78;153
2T;68;0;0.00;4.00;C25;24;78;153
2T;69;0;0.00;5.07;C25;24;78;153
2T;70;0;0.00;4.31;C25;24;78;153
2T;71;0;0.00;4.31;C25;24;78;153
2T;72;5;1.88;5.23;C25;24;78;153
2T;73;0;0.00;5.38;C25;24;78;153
2T;74;5;2.84;4.00;C25;24;78;153
25Q;1;0;0.00;4.92;Q;40;137;0
25Q;2;0;0.00;5.38;Q;40;137;0
25Q;3;0;0.00;3.84;Q;40;137;0
25Q;4;0;0.00;5.54;Q;40;137;0
25Q;5;2;0.43;4.61;Q;40;137;0
25Q;6;0;0.00;5.69;Q;40;137;0
25Q;7;0;0.00;4.77;Q;40;137;0
25Q;8;0;0.00;4.77;Q;40;137;0
25Q;9;5;0.99;5.69;Q;40;137;0
25Q;10;0;0.00;4.61;Q;40;137;0
25Q;11;1;0.32;5.23;Q;40;137;0
25Q;12;0;0.00;4.61;Q;40;137;0
25Q;13;2;0.65;4.77;Q;40;137;0
25Q;14;0;0.00;5.38;Q;40;137;0
25Q;15;0;0.00;4.92;Q;40;137;0
25Q;16;1;0.28;5.23;Q;40;137;0
25Q;17;0;0.00;4.15;Q;40;137;0
25Q;18;0;0.00;4.77;Q;40;137;0
25Q;19;0;0.00;3.38;Q;40;137;0
25Q;20;0;0.00;5.38;Q;40;137;0
25Q;21;0;0.00;5.38;Q;40;137;0
25Q;22;0;0.00;4.92;Q;40;137;0
25Q;23;5;0.87;4.61;Q;40;137;0
25Q;24;1;0.25;4.46;Q;40;137;0
25Q;25;0;0.00;4.92;Q;40;137;0
25Q;26;0;0.00;5.38;Q;40;137;0
25Q;27;0;0.00;4.00;Q;40;137;0
25Q;28;0;0.00;5.54;Q;40;137;0
25Q;29;0;0.00;4.31;Q;40;137;0
25Q;30;0;0.00;4.00;Q;40;137;0
25Q;31;0;0.00;3.08;Q;40;137;0
25Q;32;0;0.00;3.38;Q;40;137;0
25Q;33;0;0.00;5.38;Q;40;137;0
25Q;34;0;0.00;5.54;Q;40;137;0
25Q;35;0;0.00;4.00;Q;40;137;0
25Q;36;0;0.00;3.84;Q;40;137;0
25Q;37;0;0.00;5.07;Q;40;137;0
25Q;38;0;0.00;3.84;Q;40;137;0
25Q;39;0;0.00;3.08;Q;40;137;0
25Q;40;0;0.00;4.31;Q;40;137;0
25Q;41;0;0.00;4.31;Q;40;137;0
25Q;42;0;0.00;5.38;Q;40;137;0
25Q;43;0;0.00;5.38;Q;40;137;0
25Q;44;0;0.00;5.54;Q;40;137;0
25Q;45;0;0.00;4.31;Q;40;137;0
25Q;46;2;0.27;4.15;Q;40;137;0
25Q;47;5;2.81;5.38;Q;40;137;0
25Q;48;0;0.00;4.77;Q;40;137;0
25Q;49;0;0.00;4.61;Q;40;137;0
25Q;50;0;0.00;6.15;Q;40;137;0
25Q;51;0;0.00;3.69;Q;40;137;0
25Q;52;0;0.00;5.23;Q;40;137;0
25Q;53;0;0.00;5.23;Q;40;137;0
25Q;54;0;0.00;5.07;Q;40;137;0
25Q;55;5;2.83;4.61;Q;40;137;0
25Q;56;0;0.00;5.07;Q;40;137;0
25Q;57;5;1.59;4.61;Q;40;137;0
25Q;58;0;0.00;5.38;Q;40;137;0
25Q;59;0;0.00;5.54;Q;40;137;0
25Q;60;5;2.54;5.38;Q;40;137;0
25Q;61;0;0.00;5.69;Q;40;137;0
25Q;62;0;0.00;4.61;Q;40;137;0
25Q;63;5;2.90;4.92;Q;40;137;0
25Q;64;0;0.00;5.38;Q;40;137;0
25Q;65;0;0.00;4.61;Q;40;137;0
25Q;66;5;1.88;5.38;Q;40;137;0
25Q;67;0;0.00;4.92;Q;40;137;0
25Q;68;2;0.52;4.61;Q;40;137;0
25Q;69;0;0.00;5.38;Q;40;137;0
25Q;70;0;0.00;4.61;Q;40;137;0
25Q;71;0;0.00;5.54;Q;40;137;0
25Q;72;5;1.19;5.69;Q;40;137;0
25Q;73;5;1.52;5.38;Q;40;137;0
25Q;74;0;0.00;5.38;Q;40;137;0
25Q;75;0;0.00;4.61;Q;40;137;0
25Q;76;5;1.75;4.77;Q;40;137;0
25Q;77;0;0.00;6.15;Q;40;137;0
25Q;78;0;0.00;4.92;Q;40;137;0
25Q;79;0;0.00;5.38;Q;40;137;0
25Q;80;0;0.00;5.69;Q;40;137;0
25Q;81;5;1.23;5.07;Q;40;137;0
25Q;82;0;0.00;4.61;Q;40;137;0
25Q;83;0;0.00;5.38;Q;40;137;0
25Q;84;0;0.00;4.77;Q;40;137;0
25Q;85;5;1.15;6.15;Q;40;137;0
25Q;86;0;0.00;4.77;Q;40;137;0
25Q;87;0;0.00;4.00;Q;40;137;0
25Q;88;0;0.00;4.61;Q;40;137;0
25Q;89;0;0.00;3.38;Q;40;137;0
25Q;90;0;0.00;5.38;Q;40;137;0
25Q;91;0;0.00;4.61;Q;40;137;0
25Q;92;0;0.00;4.61;Q;40;137;0
25Q;93;0;0.00;3.54;Q;40;137;0
25Q;94;0;0.00;3.84;Q;40;137;0
25Q;95;4;3.10;5.54;Q;40;137;0
25Q;96;0;0.00;4.00;Q;40;137;0
25Q;97;0;0.00;5.54;Q;40;137;0
25Q;98;0;0.00;4.77;Q;40;137;0
25Q;99;0;0.00;3.08;Q;40;137;0
25Q;100;0;0.00;5.69;Q;40;137;0
25Q;101;2;0.64;4.15;Q;40;137;0
25Q;102;1;0.36;5.38;Q;40;137;0
25Q;103;0;0.00;4.15;Q;40;137;0
25Q;104;0;0.00;4.31;Q;40;137;0
25Q;105;0;0.00;5.38;Q;40;137;0
25Q;106;0;0.00;4.77;Q;40;137;0
25Q;107;0;0.00;4.92;Q;40;137;0
25Q;108;5;1.27;4.61;Q;40;137;0
25Q;109;0;0.00;5.54;Q;40;137;0
25Q;110;0;0.00;4.15;Q;40;137;0
25Q;111;0;0.00;5.69;Q;40;137;0
25Q;112;5;1.32;5.54;Q;40;137;0
25Q;113;0;0.00;4.92;Q;40;137;0
25Q;114;0;0.00;4.77;Q;40;137;0
25Q;115;5;2.75;4.77;Q;40;137;0
25Q;116;0;0.00;5.23;Q;40;137;0
25Q;117;0;0.00;5.38;Q;40;137;0
25Q;118;0;0.00;4.61;Q;40;137;0
25Q;119;0;0.00;5.38;Q;40;137;0
25Q;120;0;0.00;4.92;Q;40;137;0
25Q;121;0;0.00;5.54;Q;40;137;0
25Q;122;0;0.00;4.15;Q;40;137;0
25Q;123;0;0.00;3.84;Q;40;137;0
25Q;124;0;0.00;4.31;Q;40;137;0
25Q;125;0;0.00;5.23;Q;40;137;0
25Q;126;0;0.00;5.38;Q;40;137;0
25Q;127;0;0.00;4.15;Q;40;137;0
25Q;128;2;0.33;5.23;Q;40;137;0
25Q;129;0;0.00;3.84;Q;40;137;0
25Q;130;5;1.40;5.23;Q;40;137;0
25Q;131;0;0.00;4.92;Q;40;137;0
25Q;132;0;0.00;4.92;Q;40;137;0
25Q;133;5;0.94;4.77;Q;40;137;0
28Q;1;5;3.00;5.38;Q;27;78;0
28Q;2;2;0.57;4.92;Q;27;78;0
28Q;3;1;0.38;5.84;Q;27;78;0
28Q;4;1;0.29;5.54;Q;27;78;0
28Q;5;4;2.89;4.92;Q;27;78;0
28Q;6;5;2.59;5.84;Q;27;78;0
28Q;7;5;3.08;6.00;Q;27;78;0
28Q;8;2;1.11;5.54;Q;27;78;0
28Q;9;2;0.54;5.07;Q;27;78;0
28Q;10;5;3.28;5.23;Q;27;78;0
28Q;11;5;1.55;5.38;Q;27;78;0
28Q;12;5;1.28;4.00;Q;27;78;0
28Q;13;2;1.07;5.38;Q;27;78;0
28Q;14;5;2.44;4.77;Q;27;78;0
28Q;15;5;1.39;5.23;Q;27;78;0
28Q;16;4;3.18;5.23;Q;27;78;0
28Q;17;5;2.11;5.07;Q;27;78;0
28Q;18;2;0.40;4.46;Q;27;78;0
28Q;19;1;0.34;5.38;Q;27;78;0
28Q;20;0;0.00;5.69;Q;27;78;0
28Q;21;5;2.03;5.07;Q;27;78;0
28Q;22;5;1.56;5.69;Q;27;78;0
28Q;23;2;0.31;4.92;Q;27;78;0
28Q;24;2;0.37;5.69;Q;27;78;0
28Q;25;5;2.59;5.23;Q;27;78;0
28Q;26;5;2.72;4.15;Q;27;78;0
28Q;27;0;0.00;5.38;Q;27;78;0
28Q;28;5;1.48;5.07;Q;27;78;0
28Q;29;0;0.00;3.54;Q;27;78;0
28Q;30;5;2.74;5.38;Q;27;78;0
28Q;31;5;1.82;4.77;Q;27;78;0
28Q;32;0;0.00;3.84;Q;27;78;0
28Q;33;5;2.31;4.61;Q;27;78;0
28Q;34;2;0.69;4.61;Q;27;78;0
28Q;35;0;0.00;3.08;Q;27;78;0
28Q;36;5;1.93;5.54;Q;27;78;0
28Q;37;5;0.87;4.15;Q;27;78;0
28Q;38;0;0.00;5.38;Q;27;78;0
28Q;39;0;0.00;5.07;Q;27;78;0
28Q;40;2;0.32;5.23;Q;27;78;0
28Q;41;5;2.38;4.31;Q;27;78;0
28Q;42;5;2.50;4.77;Q;27;78;0
28Q;43;0;0.00;5.38;Q;27;78;0
28Q;44;0;0.00;4.61;Q;27;78;0
28Q;45;1;0.32;5.54;Q;27;78;0
28Q;46;0;0.00;5.38;Q;27;78;0
28Q;47;5;2.15;5.38;Q;27;78;0
28Q;48;0;0.00;4.61;Q;27;78;0
28Q;49;5;2.77;4.77;Q;27;78;0
28Q;50;5;1.52;3.84;Q;27;78;0
28Q;51;5;2.89;6.15;Q;27;78;0
28Q;52;5;1.15;4.92;Q;27;78;0
28Q;53;5;0.97;4.92;Q;27;78;0
28Q;54;0;0.00;4.61;Q;27;78;0
28Q;55;5;2.66;4.46;Q;27;78;0
28Q;56;0;0.00;4.00;Q;27;78;0
28Q;57;2;0.51;5.54;Q;27;78;0
28Q;58;0;0.00;5.23;Q;27;78;0
28Q;59;1;0.36;4.61;Q;27;78;0
28Q;60;1;0.40;4.77;Q;27;78;0
28Q;61;5;2.97;5.07;Q;27;78;0
28Q;62;5;3.08;5.38;Q;27;78;0
28Q;63;5;2.79;5.38;Q;27;78;0
28Q;64;0;0.00;3.08;Q;27;78;0
28Q;65;0;0.00;4.15;Q;27;78;0
28Q;66;2;0.48;5.23;Q;27;78;0
28Q;67;5;2.74;4.00;Q;27;78;0
28Q;68;1;0.35;4.77;Q;27;78;0
28Q;69;0;0.00;3.08;Q;27;78;0
28Q;70;0;0.00;5.54;Q;27;78;0
28Q;71;0;0.00;5.23;Q;27;78;0
28Q;72;2;0.51;4.31;Q;27;78;0
28Q;73;0;0.00;4.00;Q;27;78;0
28Q;74;5;3.04;5.07;Q;27;78;0
1T;1;0;0.00;5.38;C25;29;102;117
1T;2;0;0.00;4.00;C25;29;102;117
1T;3;0;0.00;5.07;C25;29;102;117
1T;4;0;0.00;4.61;C25;29;102;117
1T;6;0;0.00;5.54;C25;29;102;117
1T;7;0;0.00;3.84;C25;29;102;117
1T;8;0;0.00;5.54;C25;29;102;117
1T;9;0;0.00;3.84;C25;29;102;117
1T;11;0;0.00;6.15;C25;29;102;117
1T;12;0;0.00;5.69;C25;29;102;117
1T;15;0;0.00;4.92;C25;29;102;117
1T;18;0;0.00;5.54;C25;29;102;117
1T;19;0;0.00;5.38;C25;29;102;117
1T;21;0;0.00;3.84;C25;29;102;117
1T;24;0;0.00;6.00;C25;29;102;117
1T;27;0;0.00;3.84;C25;29;102;117
1T;30;0;0.00;3.69;C25;29;102;117
1T;32;0;0.00;5.38;C25;29;102;117
1T;33;0;0.00;4.31;C25;29;102;117
1T;34;0;0.00;5.84;C25;29;102;117
1T;35;0;0.00;4.46;C25;29;102;117
1T;41;0;0.00;4.00;C25;29;102;117
1T;45;0;0.00;5.23;C25;29;102;117
1T;46;0;0.00;4.61;C25;29;102;117
1T;50;0;0.00;5.38;C25;29;102;117
1T;51;0;0.00;5.54;C25;29;102;117
1T;53;0;0.00;5.69;C25;29;102;117
1T;54;0;0.00;5.38;C25;29;102;117
1T;55;0;0.00;5.54;C25;29;102;117
1T;56;0;0.00;5.07;C25;29;102;117
1T;58;0;0.00;5.84;C25;29;102;117
1T;60;0;0.00;4.61;C25;29;102;117
1T;61;0;0.00;6.00;C25;29;102;117
1T;62;0;0.00;4.77;C25;29;102;117
1T;64;0;0.00;5.38;C25;29;102;117
1T;66;0;0.00;4.92;C25;29;102;117
1T;68;0;0.00;4.31;C25;29;102;117
1T;69;0;0.00;4.92;C25;29;102;117
1T;70;0;0.00;4.00;C25;29;102;117
1T;73;0;0.00;4.77;C25;29;102;117
1T;75;0;0.00;3.84;C25;29;102;117
1T;76;0;0.00;3.84;C25;29;102;117
1T;79;0;0.00;5.23;C25;29;102;117
1T;80;0;0.00;4.61;C25;29;102;117
1T;82;0;0.00;4.61;C25;29;102;117
1T;86;0;0.00;3.54;C25;29;102;117
1T;87;0;0.00;5.38;C25;29;102;117
1T;88;0;0.00;5.69;C25;29;102;117
1T;90;0;0.00;4.15;C25;29;102;117
1T;94;0;0.00;5.54;C25;29;102;117
1T;96;0;0.00;5.54;C25;29;102;117
1T;97;0;0.00;4.92;C25;29;102;117
1T;98;0;0.00;5.38;C25;29;102;117
26Q;3;0;0.00;5.84;Q;24;66;0
26Q;5;0;0.00;5.38;Q;24;66;0
26Q;6;0;0.00;5.69;Q;24;66;0
26Q;7;0;0.00;5.69;Q;24;66;0
26Q;8;0;0.00;5.54;Q;24;66;0
26Q;15;0;0.00;6.15;Q;24;66;0
26Q;16;0;0.00;4.00;Q;24;66;0
26Q;17;0;0.00;5.38;Q;24;66;0
26Q;19;0;0.00;5.54;Q;24;66;0
26Q;20;0;0.00;5.38;Q;24;66;0
26Q;25;0;0.00;3.38;Q;24;66;0
26Q;26;0;0.00;3.08;Q;24;66;0
26Q;27;0;0.00;3.84;Q;24;66;0
26Q;28;0;0.00;6.00;Q;24;66;0
26Q;29;0;0.00;3.84;Q;24;66;0
26Q;30;0;0.00;3.84;Q;24;66;0
26Q;32;0;0.00;4.15;Q;24;66;0
26Q;33;0;0.00;3.84;Q;24;66;0
26Q;35;0;0.00;4.61;Q;24;66;0
26Q;37;0;0.00;4.92;Q;24;66;0
26Q;38;0;0.00;3.23;Q;24;66;0
26Q;39;0;0.00;3.84;Q;24;66;0
26Q;43;0;0.00;4.31;Q;24;66;0
26Q;44;0;0.00;6.00;Q;24;66;0
26Q;46;0;0.00;5.38;Q;24;66;0
26Q;47;0;0.00;4.00;Q;24;66;0
26Q;48;0;0.00;3.84;Q;24;66;0
26Q;51;0;0.00;4.15;Q;24;66;0
26Q;52;0;0.00;3.69;Q;24;66;0
26Q;54;0;0.00;4.46;Q;24;66;0
26Q;55;0;0.00;4.00;Q;24;66;0
26Q;56;0;0.00;6.15;Q;24;66;0
26Q;57;0;0.00;4.46;Q;24;66;0
26Q;60;0;0.00;6.00;Q;24;66;0
26Q;62;0;0.00;5.84;Q;24;66;0
27Q;2;0;0.00;5.69;Q;19;85;0
27Q;3;0;0.00;5.54;Q;19;85;0
27Q;6;0;0.00;5.54;Q;19;85;0
27Q;7;0;0.00;5.23;Q;19;85;0
27Q;8;0;0.00;6.00;Q;19;85;0
27Q;9;0;0.00;5.38;Q;19;85;0
27Q;11;0;0.00;5.38;Q;19;85;0
27Q;12;0;0.00;5.84;Q;19;85;0
27Q;13;0;0.00;5.54;Q;19;85;0
27Q;14;0;0.00;5.38;Q;19;85;0
27Q;16;0;0.00;4.46;Q;19;85;0
27Q;17;0;0.00;4.77;Q;19;85;0
27Q;18;0;0.00;4.92;Q;19;85;0
27Q;19;0;0.00;5.54;Q;19;85;0
27Q;20;0;0.00;5.54;Q;19;85;0
27Q;21;0;0.00;5.23;Q;19;85;0
27Q;23;0;0.00;5.07;Q;19;85;0
27Q;25;0;0.00;5.38;Q;19;85;0
27Q;29;0;0.00;5.54;Q;19;85;0
27Q;30;0;0.00;6.00;Q;19;85;0
27Q;32;0;0.00;5.69;Q;19;85;0
27Q;35;0;0.00;5.38;Q;19;85;0
27Q;37;0;0.00;5.54;Q;19;85;0
27Q;43;0;0.00;5.69;Q;19;85;0
27Q;46;0;0.00;6.00;Q;19;85;0
27Q;48;0;0.00;5.38;Q;19;85;0
27Q;52;0;0.00;5.38;Q;19;85;0
27Q;58;0;0.00;5.69;Q;19;85;0
27Q;59;0;0.00;5.54;Q;19;85;0
27Q;60;0;0.00;5.23;Q;19;85;0
27Q;62;0;0.00;5.69;Q;19;85;0
27Q;63;0;0.00;5.69;Q;19;85;0
27Q;65;0;0.00;5.54;Q;19;85;0
27Q;66;0;0.00;5.69;Q;19;85;0
27Q;67;0;0.00;6.15;Q;19;85;0
27Q;68;0;0.00;5.38;Q;19;85;0
27Q;70;0;0.00;6.15;Q;19;85;0
27Q;72;0;0.00;5.54;Q;19;85;0
27Q;74;0;0.00;6.15;Q;19;85;0
27Q;75;0;0.00;5.69;Q;19;85;0
27Q;76;0;0.00;5.69;Q;19;85;0
27Q;77;0;0.00;5.23;Q;19;85;0
27Q;78;0;0.00;5.38;Q;19;85;0
27Q;79;0;0.00;6.15;Q;19;85;0
27Q;80;0;0.00;5.38;Q;19;85;0
1T;39;1;0.24;5.38;C25;29;102;117
1T;52;1;0.24;5.69;C25;29;102;117
1T;78;1;0.23;5.84;C25;29;102;117
1T;89;1;0.30;5.54;C25;29;102;117
26Q;13;1;0.48;6.15;Q;24;66;0
26Q;18;1;0.36;5.38;Q;24;66;0
26Q;34;1;0.47;6.30;Q;24;66;0
26Q;42;1;0.43;6.15;Q;24;66;0
1T;22;2;0.67;5.54;C25;29;102;117
1T;23;2;0.40;5.84;C25;29;102;117
1T;71;2;0.42;5.38;C25;29;102;117
1T;84;2;0.40;5.23;C25;29;102;117
26Q;11;2;0.40;5.69;Q;24;66;0
26Q;45;2;0.80;5.38;Q;24;66;0
27Q;1;2;0.56;5.54;Q;19;85;0
27Q;10;2;0.46;4.92;Q;19;85;0
27Q;15;2;0.63;5.54;Q;19;85;0
27Q;22;2;0.51;4.61;Q;19;85;0
27Q;27;2;0.66;4.77;Q;19;85;0
27Q;28;2;0.66;5.38;Q;19;85;0
27Q;40;2;0.70;4.61;Q;19;85;0
27Q;42;2;0.88;5.23;Q;19;85;0
27Q;44;2;0.44;5.84;Q;19;85;0
27Q;53;2;0.95;5.54;Q;19;85;0
27Q;56;2;0.48;5.38;Q;19;85;0
27Q;57;2;0.46;5.38;Q;19;85;0
27Q;61;2;0.35;4.92;Q;19;85;0
27Q;64;2;0.76;4.15;Q;19;85;0
1T;63;3;0.92;6.15;C25;29;102;117
1T;74;3;0.93;6.15;C25;29;102;117
1T;93;3;1.18;5.38;C25;29;102;117
27Q;4;3;1.79;5.38;Q;19;85;0
1T;26;3;2.30;5.38;C25;29;102;117
1T;10;4;3.15;6.15;C25;29;102;117
1T;28;4;2.85;5.38;C25;29;102;117
1T;31;4;2.87;4.61;C25;29;102;117
1T;37;4;2.80;4.00;C25;29;102;117
1T;38;4;2.80;4.77;C25;29;102;117
1T;40;4;3.03;4.92;C25;29;102;117
1T;42;4;2.96;4.92;C25;29;102;117
1T;43;4;2.77;5.07;C25;29;102;117
1T;59;4;3.23;5.38;C25;29;102;117
1T;72;4;2.80;5.38;C25;29;102;117
1T;77;4;2.62;4.77;C25;29;102;117
1T;92;4;2.56;5.38;C25;29;102;117
26Q;10;4;3.09;5.38;Q;24;66;0
27Q;39;4;3.41;5.69;Q;19;85;0
1T;5;5;2.42;4.77;C25;29;102;117
1T;13;5;2.79;5.38;C25;29;102;117
1T;14;5;2.91;5.38;C25;29;102;117
1T;16;5;2.19;4.77;C25;29;102;117
1T;17;5;2.89;4.61;C25;29;102;117
1T;20;5;2.82;5.54;C25;29;102;117
1T;25;5;3.20;4.61;C25;29;102;117
1T;29;5;2.94;5.69;C25;29;102;117
1T;36;5;3.11;3.84;C25;29;102;117
1T;44;5;2.92;4.61;C25;29;102;117
1T;47;5;2.74;4.61;C25;29;102;117
1T;48;5;3.03;5.38;C25;29;102;117
1T;49;5;2.93;5.38;C25;29;102;117
1T;57;5;1.82;3.84;C25;29;102;117
1T;65;5;2.08;4.77;C25;29;102;117
1T;67;5;1.27;4.46;C25;29;102;117
1T;81;5;2.58;4.61;C25;29;102;117
1T;83;5;2.20;4.46;C25;29;102;117
1T;85;5;2.69;4.77;C25;29;102;117
1T;91;5;2.92;4.61;C25;29;102;117
1T;95;5;1.43;5.84;C25;29;102;117
26Q;1;5;2.03;6.30;Q;24;66;0
26Q;2;5;2.28;3.84;Q;24;66;0
26Q;4;5;2.36;5.07;Q;24;66;0
26Q;9;5;2.20;5.07;Q;24;66;0
26Q;12;5;1.52;5.38;Q;24;66;0
26Q;14;5;2.74;5.54;Q;24;66;0
26Q;21;5;3.12;4.00;Q;24;66;0
26Q;22;5;2.76;4.15;Q;24;66;0
26Q;23;5;3.10;5.54;Q;24;66;0
26Q;24;5;3.50;5.69;Q;24;66;0
26Q;31;5;2.04;4.92;Q;24;66;0
26Q;36;5;1.22;5.38;Q;24;66;0
26Q;40;5;3.42;5.54;Q;24;66;0
26Q;41;5;1.14;4.00;Q;24;66;0
26Q;49;5;2.87;4.61;Q;24;66;0
26Q;50;5;1.50;4.92;Q;24;66;0
26Q;53;5;3.10;4.15;Q;24;66;0
26Q;58;5;2.81;4.46;Q;24;66;0
26Q;59;5;2.83;4.92;Q;24;66;0
26Q;61;5;3.04;4.77;Q;24;66;0
27Q;5;5;2.59;5.54;Q;19;85;0
27Q;24;5;1.79;4.46;Q;19;85;0
27Q;26;5;2.14;5.54;Q;19;85;0
27Q;31;5;3.20;6.00;Q;19;85;0
27Q;33;5;2.87;4.61;Q;19;85;0
27Q;34;5;3.29;5.38;Q;19;85;0
27Q;36;5;1.63;5.38;Q;19;85;0
27Q;38;5;1.11;6.15;Q;19;85;0
27Q;41;5;3.27;6.15;Q;19;85;0
27Q;45;5;2.11;5.38;Q;19;85;0
27Q;47;5;3.24;5.69;Q;19;85;0
27Q;49;5;2.87;5.38;Q;19;85;0
27Q;50;5;1.77;4.92;Q;19;85;0
27Q;51;5;3.28;5.07;Q;19;85;0
27Q;54;5;2.20;5.54;Q;19;85;0
27Q;55;5;2.71;4.92;Q;19;85;0
27Q;69;5;1.49;5.38;Q;19;85;0
27Q;71;5;3.23;6.15;Q;19;85;0
27Q;73;5;1.06;5.54;Q;19;85;0
27Q;81;5;3.09;4.46;Q;19;85;0
